id_actividad_laboral,fecha_inicio,salario_actual,cargo,id_linea_trabajo,id_empresa,id_egresado
1,2018-06-07,64651400,"Structural Analysis Engineer",3,818,758
2,1995-04-25,74126600,"Payment Adjustment Coordinator",4,784,693
3,1997-05-01,59116000,Operator,4,967,874
4,1989-10-20,59614600,Librarian,4,583,94
5,1995-10-30,10466000,"Civil Engineer",1,917,452
6,1990-09-17,54983000,"Executive Secretary",5,367,922
7,1989-11-08,58038100,"Geologist III",1,300,949
8,1995-04-05,62490000,"Safety Technician II",3,286,971
9,1988-10-29,63491200,"Environmental Specialist",5,394,407
10,1985-04-09,61495100,"Health Coach I",1,652,13
11,2001-05-07,84033800,Recruiter,6,876,219
12,2003-10-30,86412700,"Civil Engineer",3,801,394
13,2014-09-13,56053100,"Associate Professor",4,463,961
14,1999-08-12,12083500,"Systems Administrator IV",4,732,603
15,2007-09-05,12695100,"Physical Therapy Assistant",3,46,948
16,1994-05-25,22346800,Teacher,4,304,433
17,1997-12-01,53140900,"Accounting Assistant I",6,742,406
18,2002-03-06,52027900,"Nurse Practicioner",3,565,716
19,2009-01-16,99773400,"Accountant III",4,913,428
20,2017-12-14,72993500,"Associate Professor",6,135,97
21,1997-04-24,24389000,"Technical Writer",2,134,91
22,2014-02-28,1495390,"Civil Engineer",5,161,451
23,2010-05-16,56108600,"Staff Scientist",2,855,501
24,1988-01-05,73922600,Operator,4,927,756
25,2007-09-14,85758900,"Electrical Engineer",4,114,134
26,2016-06-13,81926500,Paralegal,6,56,805
27,2021-06-27,81116800,"Data Coordinator",5,119,378
28,1987-06-22,21361200,"Financial Advisor",4,151,380
29,1985-04-02,60974700,"VP Product Management",1,732,696
30,2019-03-12,49083200,"Software Engineer III",4,976,239
31,2014-09-15,79832500,"Tax Accountant",4,512,43
32,2003-11-20,92378200,"VP Quality Control",2,379,870
33,2005-04-27,23093400,"Chief Design Engineer",3,411,469
34,2000-07-08,4705620,"Social Worker",6,375,994
35,2020-06-18,77810900,"Electrical Engineer",5,360,512
36,1990-10-08,48980000,"Quality Engineer",1,775,233
37,1997-07-25,5697820,Professor,2,998,525
38,2018-10-19,17483900,"Technical Writer",5,327,409
39,1997-04-14,68287100,"Help Desk Operator",1,456,807
40,2002-09-15,78381700,"Speech Pathologist",3,371,768
41,2009-10-20,19464100,"Financial Analyst",1,477,272
42,2022-05-07,32741300,"Media Manager II",2,325,28
43,1986-02-09,39473000,"Chemical Engineer",1,697,302
44,1989-12-02,66280300,"Administrative Officer",1,161,650
45,2003-08-07,70872700,Pharmacist,2,628,510
46,1996-01-24,56643400,"Cost Accountant",3,952,118
47,1988-06-25,39137900,"Accountant II",4,568,397
48,2002-11-07,54489200,"Project Manager",5,657,444
49,2000-12-24,10089700,"Structural Engineer",5,816,612
50,2018-12-09,59990600,"Chief Design Engineer",1,895,424
51,1999-01-02,88739700,Actuary,2,239,622
52,2015-11-18,29569200,"Clinical Specialist",4,568,166
53,2005-07-26,29632200,"Geological Engineer",4,454,464
54,2001-02-16,97449400,"Marketing Assistant",5,32,696
55,2000-05-08,69983700,"Human Resources Manager",5,756,535
56,2022-10-01,85265100,"Senior Developer",6,48,388
57,1993-06-28,48482500,Librarian,2,126,755
58,2016-04-03,10341700,"Media Manager IV",6,878,679
59,2004-10-14,95355500,"Human Resources Assistant IV",3,393,698
60,2005-04-22,97726300,"Programmer IV",6,219,154
61,2019-07-30,2014690,"GIS Technical Architect",2,272,954
62,2019-02-07,16748200,"Food Chemist",4,363,2
63,1986-12-02,61554000,"Account Coordinator",6,795,911
64,2007-07-10,64929100,"Financial Analyst",5,393,37
65,2010-08-14,34515600,"Physical Therapy Assistant",4,487,814
66,2019-09-25,37680000,"Recruiting Manager",3,559,820
67,1991-10-16,81325100,"Associate Professor",4,269,457
68,1988-02-14,48793100,Editor,2,452,807
69,2012-10-20,34186400,"Human Resources Manager",4,903,550
70,2008-08-14,42033500,"Data Coordinator",3,624,462
71,2023-05-18,92965400,"Product Engineer",3,827,665
72,2002-05-11,18930000,"Senior Cost Accountant",5,150,864
73,2008-07-12,78402300,"Senior Financial Analyst",5,374,714
74,2012-10-23,39450700,"Project Manager",3,967,981
75,1988-12-01,38120200,"Chemical Engineer",5,821,18
76,1998-09-04,93991300,Librarian,5,842,364
77,2002-11-19,26740000,Pharmacist,2,144,755
78,1985-04-17,17024500,"Financial Advisor",5,868,237
79,2022-08-20,61333000,"Staff Scientist",4,181,928
80,2010-01-14,91536900,"Clinical Specialist",3,663,550
81,1993-11-20,65030600,"Programmer Analyst I",5,71,317
82,1994-04-28,71641400,"Senior Quality Engineer",3,710,535
83,1991-06-04,96660800,Pharmacist,6,242,950
84,2018-03-27,51553100,"Product Engineer",2,317,563
85,2009-02-18,25664600,"Staff Scientist",3,457,548
86,2022-02-09,52025700,"Administrative Officer",2,611,494
87,2012-07-17,42921100,"Legal Assistant",1,138,873
88,2008-04-25,42317600,"Structural Analysis Engineer",5,29,382
89,2003-10-19,94720400,"Associate Professor",6,273,978
90,2006-09-23,66082600,"Environmental Specialist",1,318,237
91,2015-10-01,37925000,"Help Desk Technician",3,335,458
92,2008-11-17,17417500,"Assistant Manager",5,911,442
93,2011-09-02,12562900,"Cost Accountant",6,413,873
94,1985-10-02,18263000,Operator,5,158,100
95,1998-08-17,56556800,"Assistant Manager",2,283,635
96,2017-07-20,67285600,"Legal Assistant",1,940,175
97,2009-06-23,68046900,"Technical Writer",1,901,870
98,1995-11-27,8661570,"Project Manager",1,404,966
99,2006-08-04,61923400,"Junior Executive",4,176,454
100,1993-12-03,23804900,"Product Engineer",5,359,244
101,2011-01-22,53574200,"Clinical Specialist",1,110,150
102,2005-01-07,17999400,"Programmer IV",4,557,605
103,2008-10-28,80817400,"Accounting Assistant II",1,822,501
104,2001-10-08,55136100,"Community Outreach Specialist",3,962,198
105,2020-01-04,8559790,"Structural Engineer",6,446,976
106,2002-08-31,58823900,"Senior Quality Engineer",2,254,217
107,1998-12-18,44150400,"Health Coach II",1,53,535
108,1994-07-01,78079400,"Payment Adjustment Coordinator",3,144,205
109,1988-09-18,90223400,"Web Developer I",6,901,984
110,2023-05-29,40323500,"Marketing Assistant",4,871,936
111,1993-01-25,60347800,"Food Chemist",2,738,481
112,1988-07-27,92191500,"Account Executive",2,151,74
113,2005-11-15,82789700,"Programmer Analyst I",4,687,160
114,1995-03-01,81141600,"Quality Control Specialist",4,603,460
115,2018-02-28,94714400,"Structural Engineer",1,246,215
116,1998-12-21,57700400,"Help Desk Technician",5,200,68
117,2007-09-13,74579600,"Recruiting Manager",1,207,527
118,2019-07-07,30860400,Professor,3,245,105
119,2004-08-13,39680000,"Design Engineer",5,834,868
120,1990-10-23,23450800,"VP Product Management",4,209,102
121,1995-02-21,32587300,"Product Engineer",6,624,588
122,1999-11-14,57796900,"Payment Adjustment Coordinator",6,111,415
123,1996-07-07,19851100,"Project Manager",4,522,631
124,1989-09-12,55087100,"Clinical Specialist",1,428,572
125,2010-07-13,77607300,"Structural Engineer",1,874,806
126,1999-10-13,55360600,"Account Executive",2,222,21
127,2023-06-17,50529100,"Administrative Assistant I",3,878,140
128,2013-10-05,28893200,"GIS Technical Architect",1,424,753
129,2023-01-02,73725600,Professor,2,874,557
130,2009-10-21,29223100,"Environmental Specialist",2,769,546
131,2018-01-26,2028820,"VP Accounting",1,597,368
132,1991-08-31,12490400,"Chief Design Engineer",2,445,548
133,2021-08-17,50658500,"Structural Analysis Engineer",1,182,223
134,2000-02-03,50781900,"Accountant II",2,113,308
135,2014-01-23,84360400,"Nuclear Power Engineer",3,840,79
136,1993-05-22,6489520,"Engineer I",3,537,797
137,2001-06-18,17722200,"Cost Accountant",4,224,68
138,2015-04-16,60404100,"Nurse Practicioner",6,40,256
139,2012-07-16,60002900,"Environmental Tech",5,166,792
140,1985-08-08,36517000,Editor,6,717,501
141,1989-11-27,95350800,"Internal Auditor",1,708,350
142,1993-01-20,63386000,"Senior Quality Engineer",2,867,468
143,2000-09-13,97351200,"VP Marketing",2,967,178
144,2010-07-19,40650500,"Data Coordinator",5,37,551
145,2007-09-27,73509900,"Associate Professor",5,695,178
146,2023-02-14,15796200,"Database Administrator II",6,450,136
147,2011-09-20,17815300,"Web Designer II",1,254,371
148,2021-09-17,91648100,"Analog Circuit Design manager",3,85,149
149,2003-06-29,65817800,"Food Chemist",5,792,115
150,2010-07-31,85314600,"Developer III",2,22,215
151,2007-08-30,84311300,Recruiter,2,377,5
152,2012-09-06,81215800,"Media Manager II",2,79,470
153,2000-02-16,38362600,"Occupational Therapist",5,923,137
154,1986-07-31,68499600,"Business Systems Development Analyst",2,326,103
155,2008-05-01,57065900,"Programmer III",6,527,473
156,2008-08-24,70577400,"Biostatistician I",2,12,480
157,2012-10-13,31305100,"Environmental Specialist",1,504,725
158,1989-01-15,19860500,"Marketing Assistant",5,189,862
159,1994-12-02,24731200,"Assistant Professor",4,349,486
160,2019-01-05,61396600,"Sales Representative",6,16,301
161,1987-03-24,40353200,"Biostatistician IV",2,431,667
162,1994-12-25,3811420,"Senior Quality Engineer",3,328,547
163,1997-09-13,41455400,"Research Assistant III",4,133,486
164,2008-08-30,49116900,"Senior Quality Engineer",4,615,108
165,2010-03-24,95295300,"Associate Professor",5,94,355
166,2007-01-13,85139900,Operator,4,583,879
167,1985-06-22,66315200,"Account Executive",4,500,869
168,2010-10-07,96931000,"Graphic Designer",3,860,960
169,2010-10-29,51881600,"Director of Sales",5,513,574
170,1989-10-01,22587200,"Sales Associate",5,940,196
171,2009-04-16,69511800,"Administrative Officer",2,320,774
172,2018-09-04,93508000,"Research Nurse",5,550,793
173,2021-09-26,40145300,Pharmacist,1,471,366
174,1999-11-12,6911170,"Analyst Programmer",3,28,765
175,2005-08-26,75064800,"Environmental Tech",2,453,686
176,2002-12-05,41245800,"Research Nurse",3,449,737
177,1986-03-10,15683700,"Senior Editor",6,130,364
178,1994-11-01,44597100,"Senior Sales Associate",3,627,883
179,1986-10-13,44599500,"Quality Engineer",3,953,215
180,1989-10-21,44686600,"Project Manager",2,347,504
181,1988-01-27,64171700,"Compensation Analyst",1,784,297
182,2010-09-11,95720700,"Registered Nurse",4,993,686
183,2003-01-08,21309800,"Legal Assistant",3,452,703
184,2014-05-05,66766700,"Environmental Specialist",2,584,507
185,1992-09-14,12063500,"Environmental Specialist",2,689,774
186,1986-03-07,86859000,Librarian,4,321,866
187,2006-12-06,26262400,"Civil Engineer",2,942,703
188,2004-08-29,18623300,"VP Accounting",5,319,596
189,1987-07-12,70211800,"Financial Analyst",4,64,752
190,2004-09-26,87712900,"Research Nurse",5,691,281
191,2014-12-23,34147600,"Budget/Accounting Analyst III",5,298,351
192,1997-01-01,10231000,"Physical Therapy Assistant",4,866,973
193,2010-01-14,27045000,"Research Assistant II",1,397,57
194,2016-11-10,17119200,"Research Nurse",1,618,445
195,2017-04-23,4179880,"Business Systems Development Analyst",1,413,836
196,2002-11-12,99456500,"Design Engineer",2,345,134
197,2003-08-13,79134000,"Senior Quality Engineer",6,374,619
198,2019-08-18,39249300,"Systems Administrator I",4,828,911
199,1989-12-16,47319300,"Food Chemist",2,94,355
200,2002-03-02,89432000,"Graphic Designer",2,725,243
201,2000-08-13,66792400,"Tax Accountant",6,189,357
202,1991-01-27,97458400,"Senior Developer",2,635,255
203,1986-06-26,45820000,"Accountant III",4,328,370
204,1990-10-02,45053900,"Occupational Therapist",3,754,493
205,2000-01-31,80533000,Recruiter,6,532,919
206,1988-10-02,65399800,"Project Manager",1,660,364
207,2002-12-16,70940400,"Technical Writer",2,468,329
208,1990-01-23,31176800,"Data Coordinator",2,865,395
209,1993-06-20,27785600,"Dental Hygienist",6,108,30
210,2007-08-14,43051500,"Dental Hygienist",3,168,140
211,2005-05-23,63836100,"Payment Adjustment Coordinator",4,821,390
212,1999-09-30,79977700,"Graphic Designer",2,790,633
213,1999-01-11,41704300,"Geological Engineer",2,123,4
214,1991-05-29,49244400,"Quality Control Specialist",3,111,714
215,2014-08-10,44952300,Paralegal,6,268,13
216,2014-04-23,99843700,"Assistant Professor",1,859,40
217,2008-03-15,23207900,"Physical Therapy Assistant",1,816,875
218,2009-10-30,86956700,"Account Representative I",1,239,146
219,1991-03-13,88752100,"Dental Hygienist",1,608,340
220,1989-12-13,66753800,"Internal Auditor",6,655,928
221,1985-04-28,14238500,Librarian,5,663,52
222,1990-10-21,28393800,"Automation Specialist II",5,598,698
223,1993-06-29,82973800,"Assistant Professor",6,991,827
224,2023-03-01,82345000,"Environmental Tech",1,769,238
225,2001-04-12,37728600,"Registered Nurse",3,353,139
226,1989-04-24,85656400,"Computer Systems Analyst IV",1,586,118
227,2005-02-19,89469100,"Food Chemist",4,297,296
228,2000-12-03,17529400,"Nurse Practicioner",2,838,513
229,2009-05-06,80512300,"Physical Therapy Assistant",5,427,500
230,2011-04-26,38917600,"Computer Systems Analyst II",3,240,148
231,2015-10-31,64057900,"Internal Auditor",3,542,843
232,2017-12-03,95617200,"Assistant Media Planner",6,542,155
233,2017-12-24,23119500,"Programmer III",3,826,986
234,2018-11-03,72417000,"Structural Engineer",5,581,664
235,2009-09-16,37572400,"Safety Technician I",4,139,686
236,1995-07-22,71431600,"Analyst Programmer",1,915,270
237,2023-10-12,46409300,"VP Accounting",2,698,138
238,2023-09-24,93933900,"Research Associate",1,985,559
239,1992-03-09,61422100,"Accounting Assistant III",3,410,870
240,1990-11-05,70798300,"Accounting Assistant III",4,476,791
241,2012-09-14,52013400,"Research Associate",5,723,855
242,2009-01-05,70282500,"Geologist IV",3,184,924
243,1994-04-26,19767700,"Staff Scientist",5,356,2
244,1998-03-22,95111600,"Recruiting Manager",1,88,471
245,2015-05-15,48747300,"Nuclear Power Engineer",4,58,231
246,1998-01-08,24145200,"Staff Scientist",5,275,303
247,2022-05-25,25597700,"Product Engineer",6,927,657
248,2020-02-13,53703400,"Web Developer III",3,256,988
249,1985-01-20,40355300,"Senior Developer",6,428,969
250,2014-04-04,12231800,"Budget/Accounting Analyst IV",6,842,525
251,1988-09-14,28341400,"Physical Therapy Assistant",2,25,892
252,1998-10-30,63656700,"Senior Quality Engineer",4,336,563
253,1994-09-15,29274700,"Staff Accountant IV",4,700,899
254,2009-01-04,93884800,"Research Assistant II",1,549,422
255,2009-02-02,76866200,"GIS Technical Architect",6,461,546
256,2021-09-14,17956700,"Quality Control Specialist",4,325,682
257,2021-01-25,72696100,"Analog Circuit Design manager",2,983,547
258,2014-04-26,9370800,"Staff Scientist",3,688,937
259,2002-11-08,67087400,"Product Engineer",2,489,345
260,1987-02-16,78832500,"Sales Associate",2,350,143
261,1996-01-13,84905100,"Help Desk Technician",3,603,308
262,1991-10-06,46311000,"Information Systems Manager",3,858,981
263,2020-03-06,75291100,"Senior Financial Analyst",5,534,648
264,1989-02-02,8602490,"Nuclear Power Engineer",5,990,438
265,1993-10-12,90318700,"Analyst Programmer",6,7,87
266,1992-11-08,27102500,"Graphic Designer",4,822,285
267,2019-01-17,14867200,"Media Manager I",3,592,273
268,1988-11-13,18801900,"Staff Scientist",5,858,824
269,2016-04-14,43143400,"Dental Hygienist",2,718,73
270,2012-01-13,83290700,Pharmacist,4,584,41
271,1985-11-04,56364100,"Quality Control Specialist",2,465,887
272,1986-02-02,60702400,"Web Designer III",2,295,996
273,2005-07-23,5137280,"Nurse Practicioner",1,671,127
274,1992-06-04,35071700,Actuary,6,531,795
275,2014-04-01,59271800,"Health Coach IV",2,336,797
276,1985-04-06,8691670,"VP Product Management",5,441,394
277,2023-12-23,93897500,"Staff Accountant II",5,378,922
278,1992-11-27,6838460,"Software Consultant",2,433,212
279,2003-03-11,66750000,"Social Worker",2,949,330
280,1996-12-13,50952300,"Tax Accountant",4,489,964
281,1986-05-08,42635600,"Associate Professor",3,339,604
282,1992-07-02,40202400,"Civil Engineer",4,360,479
283,1986-09-11,77455900,"Director of Sales",2,670,964
284,1997-10-02,24483700,"GIS Technical Architect",6,604,110
285,2002-06-29,86230400,Nurse,5,221,690
286,2020-10-30,8063260,"Compensation Analyst",1,149,248
287,2008-07-31,81269400,"Senior Quality Engineer",3,873,665
288,1988-11-20,37831300,"Office Assistant III",6,463,159
289,2008-05-20,47242000,"Safety Technician III",5,480,276
290,2016-02-05,1996720,"Business Systems Development Analyst",2,64,741
291,1987-06-02,62780000,"Help Desk Technician",4,306,471
292,2009-12-08,93287800,"Quality Engineer",4,539,256
293,2001-08-26,50100500,"Financial Advisor",6,609,235
294,2010-05-11,23406800,"Assistant Manager",6,992,762
295,1990-05-27,15382100,"Occupational Therapist",5,498,805
296,1986-08-11,33984500,"Structural Engineer",3,95,835
297,2003-03-18,35113600,"Food Chemist",6,765,237
298,2001-03-02,78658200,"Cost Accountant",4,382,580
299,1995-11-11,38660000,"Social Worker",2,260,815
300,2011-02-16,52534500,Professor,2,639,2
301,1996-05-21,20859100,"Project Manager",5,665,741
302,2016-03-12,10638700,"Quality Engineer",2,529,359
303,2017-01-31,97689400,"GIS Technical Architect",5,531,581
304,1996-11-15,78791000,"Mechanical Systems Engineer",4,575,631
305,1994-09-26,42750800,"Product Engineer",1,804,5
306,1998-01-30,60736500,"Community Outreach Specialist",1,648,586
307,2000-08-10,87374900,"Web Developer II",1,152,112
308,2019-03-13,47320800,"Senior Quality Engineer",3,643,369
309,1994-09-03,89159800,"Programmer II",2,62,426
310,2012-05-07,8875550,Librarian,5,715,888
311,2000-08-16,18106000,"Quality Control Specialist",5,829,887
312,1994-04-05,75491900,"Senior Cost Accountant",4,298,977
313,1988-09-26,12683200,"Physical Therapy Assistant",5,983,245
314,1989-09-20,86186600,"Structural Engineer",2,500,708
315,1991-11-29,9722700,"Associate Professor",5,368,519
316,1990-05-29,93643500,"Systems Administrator III",2,653,831
317,2006-07-21,30239700,"Database Administrator IV",5,559,396
318,1993-11-08,3516400,Librarian,5,565,714
319,2012-07-27,8728660,"Structural Engineer",6,509,431
320,2001-03-23,63965600,"Health Coach IV",2,138,961
321,1996-06-04,51902400,"Health Coach III",2,144,531
322,2019-08-10,26698200,"Community Outreach Specialist",6,25,716
323,2008-08-07,40908600,"Developer II",3,539,296
324,2008-08-01,26314400,"VP Product Management",2,626,864
325,2023-07-29,32418000,"Financial Advisor",5,55,906
326,1986-12-13,81543200,"Quality Control Specialist",5,817,829
327,1995-04-28,91776000,"Data Coordinator",1,839,422
328,2017-10-02,28312800,Nurse,3,839,164
329,1987-10-16,90450600,"Human Resources Manager",6,969,772
330,2019-03-20,46311900,"Analyst Programmer",2,656,912
331,2012-05-10,29783900,"Software Test Engineer III",5,23,474
332,2013-09-18,75983300,"Nuclear Power Engineer",6,781,866
333,2021-02-12,70811800,"Occupational Therapist",4,78,654
334,2005-03-08,71924000,Recruiter,5,784,77
335,2009-03-29,34846300,"Senior Sales Associate",6,462,466
336,1990-12-30,91761000,"Director of Sales",2,637,443
337,2013-07-21,30048300,Editor,2,843,867
338,1990-12-13,77527800,"Director of Sales",1,953,185
339,2009-07-05,82378100,"Marketing Manager",3,240,852
340,2021-01-15,74288300,"Occupational Therapist",1,273,75
341,2005-04-17,52723500,"Environmental Specialist",3,389,124
342,1985-08-11,86541400,"Chief Design Engineer",5,23,493
343,1997-04-03,19212900,"Compensation Analyst",4,700,178
344,1988-10-09,46401000,"Senior Financial Analyst",1,930,917
345,2002-05-05,79710500,"Clinical Specialist",3,228,516
346,2020-01-08,4387680,"Community Outreach Specialist",1,179,418
347,2002-01-12,78213300,"Marketing Assistant",4,636,837
348,1998-01-28,85226500,"Internal Auditor",4,746,1
349,2013-02-27,55720400,"Financial Advisor",6,977,562
350,2014-03-21,22885100,"Cost Accountant",1,980,732
351,2002-07-16,36129500,"Help Desk Operator",4,628,107
352,1998-11-30,86938100,"VP Quality Control",4,117,607
353,1994-04-29,77861200,"Marketing Assistant",5,345,561
354,1987-03-15,89661200,"Media Manager I",4,620,698
355,2013-04-02,12314300,"Nurse Practicioner",4,34,560
356,2015-12-06,71628400,"Product Engineer",3,72,686
357,1989-07-04,83153300,"Food Chemist",3,381,26
358,2021-05-28,33209700,"Human Resources Manager",2,719,638
359,2015-10-16,63682300,"Payment Adjustment Coordinator",6,700,975
360,2015-09-06,55412100,"Graphic Designer",5,641,377
361,2023-06-22,43398800,"Dental Hygienist",1,825,65
362,1987-07-07,8124070,"Mechanical Systems Engineer",6,872,905
363,2016-03-12,12809500,"Web Designer IV",4,96,807
364,2015-08-30,40284000,"Associate Professor",2,755,748
365,2015-05-28,16320800,"Mechanical Systems Engineer",4,96,378
366,2007-03-26,1082880,"Technical Writer",4,300,576
367,1995-10-11,55776100,"Social Worker",1,603,440
368,2022-05-25,20143100,"Programmer Analyst II",4,915,62
369,2011-08-18,16803400,"Food Chemist",6,398,261
370,2018-05-06,41677700,Teacher,3,994,253
371,2023-11-01,72644100,"Social Worker",2,227,954
372,2019-07-04,29432700,"Help Desk Technician",2,250,949
373,2008-11-14,8168050,"Dental Hygienist",6,160,315
374,2009-08-24,84272400,"Engineer I",6,536,964
375,2009-05-07,68490600,"Nurse Practicioner",6,843,917
376,2009-11-08,23262000,"Automation Specialist I",2,233,788
377,1994-04-25,54445500,"Nurse Practicioner",4,798,412
378,1991-03-07,51160500,Editor,1,148,851
379,1987-01-29,2835050,"Statistician III",3,298,379
380,1996-08-15,43983700,"Programmer I",3,419,293
381,2002-12-05,39658100,"Mechanical Systems Engineer",1,5,819
382,2013-06-08,37680300,"Media Manager IV",6,768,601
383,2016-03-15,62699000,"Structural Analysis Engineer",2,135,416
384,2014-12-11,22924600,"Office Assistant II",2,935,608
385,2014-12-27,81041600,"Food Chemist",2,59,971
386,2006-07-23,99905500,"Information Systems Manager",6,925,735
387,2016-02-16,80584200,"Analog Circuit Design manager",6,279,980
388,1991-07-27,69606800,"Database Administrator I",3,980,557
389,2009-02-17,69931800,"Safety Technician III",1,817,259
390,2000-03-07,15105200,"Payment Adjustment Coordinator",5,174,558
391,1999-02-24,79488200,"Marketing Manager",5,418,377
392,1998-08-06,26560300,"General Manager",5,608,372
393,2011-04-01,97809700,Editor,5,774,911
394,1998-02-22,70579300,"Staff Scientist",2,972,712
395,1987-09-05,31597300,"Help Desk Operator",5,518,251
396,2004-01-02,28225000,"Software Test Engineer II",4,306,755
397,2009-08-27,4957310,"Registered Nurse",1,464,475
398,2018-12-11,21487000,"Environmental Tech",6,84,15
399,1992-04-12,96733000,"Assistant Media Planner",1,507,773
400,1994-04-18,21659300,"Financial Analyst",1,519,267
401,2011-06-21,89246700,"Senior Developer",6,582,681
402,1985-06-05,24352200,"Graphic Designer",4,859,930
403,1996-12-24,7695320,"Payment Adjustment Coordinator",2,170,446
404,2000-11-28,19150600,"Tax Accountant",6,845,666
405,2019-12-03,44329800,"Financial Analyst",3,758,49
406,1985-08-18,13719600,"Engineer IV",2,771,726
407,2000-02-19,62704500,"Accounting Assistant II",3,562,156
408,1985-08-01,60424300,"Director of Sales",1,721,750
409,2006-04-19,55732900,"Budget/Accounting Analyst II",4,184,254
410,1997-10-15,47958000,"Structural Engineer",4,930,831
411,1994-06-04,70657600,"Senior Cost Accountant",2,79,703
412,2008-02-05,74917800,"Software Consultant",5,84,810
413,2009-07-05,90736900,"Financial Analyst",3,305,332
414,1990-03-04,38651600,"Financial Advisor",2,85,334
415,1986-01-01,95543500,"Help Desk Technician",2,606,675
416,1993-06-02,86335600,"Senior Financial Analyst",3,985,665
417,1985-11-14,98788700,"VP Quality Control",4,393,453
418,1993-03-09,81729100,"Structural Analysis Engineer",5,511,333
419,2007-01-29,77155900,"Registered Nurse",1,863,16
420,2021-03-29,73125500,"Computer Systems Analyst II",3,489,568
421,2015-03-12,13609800,"Physical Therapy Assistant",4,726,738
422,2010-08-27,4657980,Teacher,2,274,795
423,2016-01-04,72045800,"Technical Writer",5,405,979
424,2009-06-22,39126900,"Analog Circuit Design manager",5,528,291
425,1990-07-30,59209300,"Sales Associate",5,178,548
426,1997-02-19,92958900,"VP Marketing",2,605,958
427,2013-12-07,11921900,"Junior Executive",3,161,367
428,2022-11-29,99206800,"Quality Control Specialist",6,581,975
429,2000-01-17,81434300,"Desktop Support Technician",4,6,594
430,2009-11-19,65441700,"Staff Scientist",4,133,950
431,2000-04-18,31189500,"Graphic Designer",3,430,606
432,1986-06-10,92359900,"Cost Accountant",2,804,723
433,1993-06-02,48411100,Librarian,4,228,202
434,2010-02-07,96817100,"Automation Specialist III",4,701,538
435,2020-06-10,21711000,"Computer Systems Analyst I",2,534,754
436,2010-06-28,30354100,"Web Developer II",6,332,452
437,2016-02-03,17752600,"Physical Therapy Assistant",5,189,970
438,2015-06-11,2180060,"Design Engineer",5,16,776
439,2018-08-15,68482000,"Quality Control Specialist",1,163,802
440,2001-11-19,79355600,"Project Manager",6,876,796
441,2008-08-28,17172000,"Social Worker",6,994,6
442,1987-02-13,10314300,"Assistant Professor",5,678,552
443,2016-10-02,6325680,"Developer IV",4,819,1
444,2004-12-29,80065300,"Desktop Support Technician",4,20,395
445,2022-07-04,40402300,"Civil Engineer",5,792,934
446,2017-10-04,35998700,"Staff Scientist",1,4,768
447,1987-06-18,63153100,"Physical Therapy Assistant",2,409,598
448,1985-02-18,13215300,"Senior Sales Associate",6,578,501
449,2022-11-06,41769600,"Graphic Designer",2,767,769
450,2018-07-28,80708200,"Sales Associate",1,307,858
451,1998-03-19,68879000,"Database Administrator III",5,175,973
452,2023-05-08,42952300,"Sales Representative",3,693,410
453,2020-03-31,56435600,"Software Consultant",2,170,12
454,1985-01-22,93055200,"Graphic Designer",2,233,569
455,1986-10-25,88830100,"Registered Nurse",6,473,75
456,2004-11-14,21069400,Editor,1,131,852
457,1994-03-08,52490100,"Data Coordinator",6,318,227
458,2018-12-07,99566400,Professor,5,187,343
459,2009-05-24,18682300,"GIS Technical Architect",1,43,338
460,2021-03-10,17405000,"Internal Auditor",5,130,297
461,1991-08-26,93528600,Editor,2,731,131
462,1994-11-30,75690600,Recruiter,4,35,156
463,2004-11-18,84589200,"Graphic Designer",4,412,473
464,1987-11-14,16145200,"Senior Financial Analyst",3,607,530
465,1999-02-07,55069900,"VP Sales",6,425,409
466,1985-05-04,46164900,"VP Quality Control",1,161,675
467,2012-12-13,38357200,Paralegal,5,555,567
468,2006-11-04,30796100,"Director of Sales",3,579,88
469,1990-11-15,26331900,"Dental Hygienist",6,495,310
470,1988-12-23,88102500,"Automation Specialist II",1,568,312
471,2007-03-12,77348900,"Chemical Engineer",6,902,878
472,2006-12-15,41826800,"Safety Technician III",3,542,773
473,1997-12-10,28140000,"Analog Circuit Design manager",3,555,567
474,1998-04-19,38479700,"Quality Control Specialist",6,148,494
475,2001-06-22,11483100,Paralegal,1,972,207
476,2021-06-12,82478800,"Executive Secretary",6,72,295
477,2020-02-21,37759900,"VP Marketing",4,145,261
478,1999-02-09,57809100,"Nuclear Power Engineer",6,833,603
479,1990-10-07,97744600,"VP Marketing",6,236,290
480,2000-04-10,74850900,"Business Systems Development Analyst",4,181,566
481,1991-11-30,12915300,"Payment Adjustment Coordinator",4,507,578
482,2007-08-09,68415300,"Automation Specialist I",6,465,23
483,1999-01-17,8683100,"Programmer II",5,512,796
484,1985-09-24,25923800,"Environmental Tech",2,310,459
485,2010-06-09,75510100,"Research Assistant II",1,896,298
486,1991-03-13,84762200,"Research Assistant I",1,984,834
487,1987-03-09,13341800,"VP Marketing",3,657,858
488,1996-03-29,6372160,"Junior Executive",6,552,272
489,1995-08-16,1144710,"Business Systems Development Analyst",3,798,407
490,2016-11-10,63371500,"Biostatistician IV",4,848,943
491,2022-07-15,69124400,"Administrative Assistant IV",4,84,619
492,1992-11-05,65974400,"Senior Financial Analyst",6,183,680
493,2005-10-19,8316090,"Recruiting Manager",4,686,580
494,2012-01-14,38787200,"Nuclear Power Engineer",5,77,548
495,2008-10-09,51051900,"Environmental Specialist",5,807,296
496,1986-11-20,48486000,"Marketing Manager",2,162,147
497,1989-06-27,49792800,"Executive Secretary",3,380,722
498,2012-08-01,53935800,"Human Resources Assistant I",6,364,863
499,1994-06-11,72917400,"Help Desk Operator",6,867,886
500,2018-03-30,52618500,"Recruiting Manager",4,414,341
501,1996-07-24,98447800,"Occupational Therapist",3,912,514
502,1991-11-19,39626900,"Quality Control Specialist",4,531,569
503,1996-03-03,92385600,"Research Assistant III",3,930,951
504,1994-06-16,11531100,"Legal Assistant",4,918,122
505,1994-02-01,47533400,Actuary,6,979,588
506,2022-07-22,78738600,"Administrative Assistant I",2,865,717
507,2016-04-26,83107000,"Tax Accountant",2,936,251
508,1999-09-23,32353000,"Registered Nurse",6,253,841
509,1996-03-04,69734800,"Geological Engineer",1,327,655
510,2023-07-19,8473650,"VP Marketing",1,146,324
511,1986-10-29,22109600,"Recruiting Manager",5,79,880
512,1985-01-10,88573400,"Programmer III",3,284,975
513,1991-05-23,7437950,"Budget/Accounting Analyst IV",1,898,165
514,2003-02-15,31859700,"Account Executive",2,762,982
515,2011-04-26,38076900,Recruiter,1,944,635
516,2004-04-15,8626230,"Research Nurse",6,34,286
517,2014-07-04,38767600,"Geologist II",4,779,459
518,1987-12-09,26802900,"Marketing Assistant",5,7,274
519,2019-01-09,44048800,"Registered Nurse",1,110,208
520,2013-10-26,99496400,"Analog Circuit Design manager",6,852,914
521,2005-06-06,9051560,"Accounting Assistant IV",1,444,883
522,1991-06-27,93044900,"Data Coordinator",5,939,154
523,2001-05-04,31466800,"Chief Design Engineer",1,96,282
524,1998-04-08,92804700,Paralegal,2,997,880
525,1989-05-09,68274900,"Senior Developer",6,153,763
526,2003-08-19,84869200,Teacher,1,121,156
527,1986-10-12,18163500,"GIS Technical Architect",4,230,271
528,2012-04-19,17875300,"Sales Associate",3,660,433
529,1997-04-23,68676800,"Accountant IV",1,372,272
530,2014-01-17,59466800,Editor,6,964,482
531,1985-10-06,38568000,"Executive Secretary",1,706,202
532,2018-02-15,49545200,"Compensation Analyst",5,308,795
533,2023-04-10,87063300,"Administrative Assistant I",4,629,546
534,2016-01-27,20668300,"Compensation Analyst",1,891,585
535,2001-11-02,4712300,"Accountant II",5,773,781
536,2012-11-16,77703100,"Administrative Assistant I",6,825,227
537,2023-05-23,5866660,"Mechanical Systems Engineer",1,477,431
538,1999-06-19,51442400,"Senior Sales Associate",2,994,836
539,2006-07-09,43388000,"Junior Executive",6,875,270
540,2003-05-18,39651200,"Business Systems Development Analyst",1,622,547
541,2022-07-14,89509200,"Environmental Tech",6,61,70
542,2009-06-07,8534670,"Geologist II",5,780,803
543,2015-06-11,19517700,"Biostatistician IV",2,511,915
544,1990-06-15,44323100,"Environmental Tech",4,93,396
545,2023-03-06,71942900,Actuary,1,812,431
546,1992-05-15,68555500,"Speech Pathologist",1,484,91
547,2015-04-25,66985200,"Cost Accountant",3,417,833
548,1986-12-09,12646200,"Environmental Tech",1,233,691
549,1989-10-04,86753700,"Environmental Specialist",1,510,603
550,1995-09-09,6136500,"Design Engineer",5,211,625
551,1991-12-16,23707200,"Marketing Assistant",2,692,681
552,2003-01-19,73821800,Actuary,3,766,246
553,1997-04-28,11580900,"VP Sales",4,578,228
554,2013-03-03,22480300,"Statistician IV",3,148,166
555,2020-07-16,61141300,"Speech Pathologist",3,35,694
556,2002-08-06,27891400,"Senior Developer",1,698,484
557,2016-06-10,48996800,"Web Designer III",4,543,621
558,1996-03-13,63169800,"Chemical Engineer",3,209,784
559,2009-11-21,92279200,"Desktop Support Technician",5,878,63
560,2013-10-04,87478700,"Mechanical Systems Engineer",3,149,149
561,2010-07-16,57367200,"Budget/Accounting Analyst II",1,607,837
562,1987-02-09,29105000,"Product Engineer",1,831,419
563,2021-08-09,93892700,"Accounting Assistant II",6,293,618
564,2018-10-17,58235600,"Health Coach IV",3,607,356
565,2013-10-06,99355500,"VP Product Management",1,550,180
566,1985-09-21,94976200,"Senior Cost Accountant",2,560,951
567,2005-11-15,41933800,"Administrative Officer",6,140,204
568,2019-12-14,60141800,"Budget/Accounting Analyst IV",5,773,969
569,2009-09-25,95265800,"Recruiting Manager",1,327,813
570,1997-07-27,78564800,"Information Systems Manager",2,745,605
571,1992-12-26,67092000,Librarian,3,743,382
572,1985-05-20,48709100,"Biostatistician II",4,638,324
573,2018-10-21,23495800,Librarian,2,90,121
574,2016-08-27,36456100,"Sales Associate",3,142,864
575,2003-10-20,54146400,"Research Assistant IV",2,933,223
576,1993-01-05,87136300,"Account Executive",2,988,884
577,2009-07-03,29769300,"Nurse Practicioner",4,819,783
578,2017-11-08,52301400,"Nuclear Power Engineer",3,669,571
579,2008-07-18,32557900,Nurse,3,784,481
580,2022-10-23,90120800,"Payment Adjustment Coordinator",2,305,469
581,1998-02-01,6371780,"Compensation Analyst",3,299,478
582,2007-08-26,47755400,"Senior Sales Associate",2,539,407
583,2012-06-20,34582500,"Senior Editor",5,908,740
584,2018-10-06,35214400,Editor,2,778,945
585,2005-02-27,12917200,Editor,1,188,617
586,2011-10-24,5364930,"Accounting Assistant II",2,74,991
587,2023-12-16,30779100,"Senior Cost Accountant",2,194,911
588,2001-05-23,71086800,"Geologist I",6,97,293
589,2022-03-01,43178500,"VP Sales",3,222,515
590,2018-04-12,29830500,Nurse,2,655,772
591,1988-11-01,93669200,"VP Sales",3,732,757
592,2006-02-06,18592100,"Structural Analysis Engineer",3,88,986
593,2023-04-01,73903200,"Mechanical Systems Engineer",4,472,878
594,1991-06-20,98238800,"Database Administrator II",6,532,230
595,1989-07-05,69351200,"Senior Financial Analyst",6,130,411
596,1990-11-11,89113500,"Software Test Engineer II",3,304,679
597,2014-09-04,65376100,"Information Systems Manager",1,513,864
598,2022-10-19,70081700,Professor,3,583,513
599,1988-05-14,92416800,"Environmental Tech",4,401,223
600,1990-07-31,11766300,"Office Assistant IV",4,23,984
601,2002-04-29,68847600,"Research Nurse",3,169,619
602,2012-01-24,85813400,"Media Manager III",4,305,885
603,1999-07-11,98403700,"Electrical Engineer",4,705,595
604,2022-10-18,76029200,"Dental Hygienist",5,644,613
605,2022-08-24,11205300,"Associate Professor",2,836,846
606,1987-04-01,59960300,"Legal Assistant",1,875,586
607,1991-12-28,41792300,"Product Engineer",1,804,845
608,2022-10-09,92490800,"Account Executive",2,799,417
609,1999-10-20,48228800,"Senior Quality Engineer",5,285,660
610,1994-03-25,6775760,"Programmer III",1,347,378
611,2011-04-04,14976400,"Project Manager",3,144,395
612,2014-12-26,92233700,"Director of Sales",1,161,45
613,1994-01-31,8337790,"Statistician I",1,478,496
614,1985-08-08,20154100,"Assistant Media Planner",2,314,252
615,1991-08-23,71155800,"Database Administrator II",2,771,774
616,2006-07-04,83913400,Operator,1,96,330
617,1995-03-03,19367900,"Biostatistician III",6,14,113
618,2020-01-20,97186500,"Media Manager I",5,436,770
619,2020-07-04,52445500,"Desktop Support Technician",2,346,594
620,1999-07-10,62676800,"Geological Engineer",2,428,865
621,1995-03-23,74239900,Pharmacist,6,328,380
622,2015-11-21,56318700,"Media Manager II",5,3,592
623,1993-02-26,16132600,"Account Representative I",4,575,706
624,1999-10-17,99917000,"VP Product Management",5,605,927
625,2009-08-22,45132700,"Dental Hygienist",5,25,171
626,2021-07-15,15838700,"Speech Pathologist",5,513,767
627,1995-11-04,10568400,"Office Assistant I",4,512,906
628,1994-07-30,94864100,"Assistant Manager",6,53,570
629,2010-05-23,95272200,"Senior Sales Associate",4,773,882
630,1994-07-27,98125000,"Food Chemist",2,220,936
631,2023-02-22,46957400,"Nurse Practicioner",1,156,214
632,2023-08-14,16314300,"Sales Representative",2,674,735
633,1987-06-11,58385200,"Research Associate",6,982,472
634,1987-05-24,4722810,"GIS Technical Architect",5,526,708
635,1987-01-30,35489000,"Software Engineer III",5,290,646
636,1991-01-05,97654100,"Tax Accountant",3,385,577
637,1987-10-16,18155800,"Information Systems Manager",1,10,122
638,1985-01-26,19309700,"VP Quality Control",3,236,313
639,2018-04-21,34144100,"Environmental Tech",3,109,689
640,2019-12-24,95677400,"Developer III",6,447,278
641,2012-12-16,56623400,"Information Systems Manager",4,487,954
642,2022-09-20,10375500,"Information Systems Manager",5,704,1
643,1993-09-27,28311900,"Legal Assistant",3,437,824
644,1995-07-24,47973500,"Geologist II",2,514,335
645,2020-04-13,50071100,"Software Test Engineer IV",5,339,595
646,2009-12-01,52631500,"Safety Technician II",1,51,300
647,2010-04-19,75267900,Professor,2,737,513
648,1998-01-06,44906100,"Quality Control Specialist",2,511,175
649,1989-06-14,51970500,"Data Coordinator",1,938,213
650,2018-01-26,80813200,"Office Assistant II",5,853,882
651,1995-07-18,87921900,"Geologist II",6,963,602
652,1994-08-09,71721600,"Health Coach III",4,221,422
653,1985-06-01,73458200,"Assistant Media Planner",6,354,436
654,1992-10-16,76335100,"Senior Quality Engineer",5,735,774
655,2017-04-04,50625900,"Senior Editor",3,258,433
656,1998-05-22,68432300,"GIS Technical Architect",2,765,424
657,1998-06-21,39785600,Nurse,1,150,642
658,2015-10-12,96553200,"Administrative Assistant II",5,572,471
659,2006-09-30,94953600,"Structural Engineer",3,286,900
660,2004-11-14,8709120,"VP Marketing",5,203,520
661,2005-09-08,80069200,"Help Desk Operator",3,674,718
662,2022-10-23,14411600,"Graphic Designer",1,65,848
663,2000-11-30,20239800,"Speech Pathologist",6,183,642
664,1996-01-21,28050100,"Office Assistant II",1,743,925
665,1995-11-06,9560100,"Staff Accountant IV",6,869,444
666,1994-11-05,12921200,"Programmer Analyst IV",3,57,699
667,2005-12-12,26580900,"Administrative Officer",5,665,267
668,1986-03-13,35775600,"Community Outreach Specialist",4,756,334
669,2011-09-24,91513400,"Administrative Assistant I",3,701,164
670,1990-01-19,41501300,"Recruiting Manager",1,272,726
671,1986-09-20,47992700,"Dental Hygienist",2,732,695
672,2009-11-19,69177300,"Human Resources Manager",6,120,620
673,2020-11-25,93233900,"Senior Quality Engineer",5,714,191
674,2017-02-03,60184700,"Software Consultant",4,94,750
675,2019-09-23,35581800,"Marketing Assistant",1,587,176
676,2017-10-03,78853400,"Quality Control Specialist",6,325,699
677,2014-02-21,87733900,"Structural Analysis Engineer",6,245,466
678,2008-02-27,93207600,"Senior Sales Associate",3,454,674
679,2001-04-13,88414900,"Software Engineer III",2,693,266
680,1992-06-30,84657300,"Product Engineer",1,406,239
681,2009-05-09,30561800,"Tax Accountant",2,802,123
682,1996-11-06,33820000,"Staff Scientist",3,793,356
683,2016-02-08,24468700,"Financial Advisor",3,302,708
684,2011-01-25,54720600,"VP Product Management",4,108,460
685,2015-02-06,97830400,"Director of Sales",5,513,277
686,1987-05-28,40947900,"Statistician I",6,559,493
687,1997-02-01,84978300,Editor,5,995,659
688,1987-02-13,18618200,"Research Assistant II",2,602,756
689,2000-09-15,32683900,Nurse,5,713,913
690,1995-09-12,64959800,"Compensation Analyst",6,313,711
691,1998-10-18,55059800,"Clinical Specialist",6,634,495
692,2004-05-16,87157000,"Nuclear Power Engineer",5,467,701
693,1989-09-17,39979100,"Environmental Specialist",5,154,927
694,2008-08-02,8518800,"Statistician IV",5,259,936
695,1995-01-12,83908400,"GIS Technical Architect",6,1,583
696,2019-08-30,42695600,"Staff Accountant IV",3,617,289
697,2004-11-18,5436220,"Senior Editor",5,156,800
698,2011-07-10,99623700,"Recruiting Manager",1,173,267
699,2002-04-07,22343900,"Administrative Officer",2,14,636
700,2014-07-01,84321200,Editor,1,253,645
701,1998-12-17,14014800,"Software Test Engineer II",4,690,554
702,1998-02-05,26603000,"Human Resources Assistant III",1,973,913
703,2002-10-09,8493220,"Assistant Media Planner",4,317,1000
704,2010-11-17,52925100,"Administrative Officer",3,926,252
705,1995-07-22,70084700,"Design Engineer",6,487,346
706,1990-12-24,52246900,"Developer I",2,349,183
707,1997-11-03,85946000,"Physical Therapy Assistant",4,611,895
708,2021-02-16,70631400,"Internal Auditor",3,30,642
709,2009-12-20,1952870,"Budget/Accounting Analyst IV",6,475,131
710,2021-04-04,17192700,"Senior Developer",6,550,356
711,1988-03-29,23415800,"Junior Executive",5,680,349
712,2013-03-08,88941500,"VP Quality Control",4,250,451
713,1987-02-23,60314500,"Automation Specialist IV",4,364,880
714,2012-09-30,63863500,"Account Representative IV",5,530,476
715,2001-06-10,43251700,"Sales Representative",4,11,391
716,1986-09-27,17138300,"Chief Design Engineer",1,338,865
717,2001-07-22,46775100,"Mechanical Systems Engineer",3,310,325
718,2009-12-26,40803500,"VP Product Management",1,631,8
719,2004-01-12,54753600,"Graphic Designer",3,570,777
720,2016-02-05,76398800,"Associate Professor",5,852,796
721,2018-11-15,2454010,"Developer II",5,636,384
722,2014-01-15,42453400,Professor,1,648,137
723,1987-06-30,17857500,"Budget/Accounting Analyst I",3,805,315
724,1987-02-14,50912800,"Analog Circuit Design manager",4,934,858
725,2000-10-24,76334300,"Senior Financial Analyst",2,367,244
726,1988-01-09,68900900,Recruiter,3,10,485
727,2023-08-06,11600800,"Desktop Support Technician",3,849,770
728,1986-05-27,76901300,"Clinical Specialist",6,742,140
729,2002-01-22,84220600,"Help Desk Technician",2,659,244
730,2010-12-21,68573000,"Recruiting Manager",3,764,562
731,2019-02-24,28800000,"Recruiting Manager",2,268,554
732,1989-05-30,39467400,"Product Engineer",6,847,488
733,2022-04-16,3206640,"Marketing Assistant",1,974,88
734,2000-04-23,52205400,"Civil Engineer",6,678,108
735,2001-10-05,47261400,"Legal Assistant",5,671,872
736,1989-11-19,90452000,"Quality Control Specialist",5,304,413
737,1986-02-16,16984400,"Computer Systems Analyst II",2,642,71
738,2019-10-12,69796500,"Assistant Manager",2,302,13
739,2004-10-20,78796300,Teacher,3,134,938
740,1993-07-25,96644200,"Quality Engineer",1,362,602
741,2012-10-07,92801800,"Analog Circuit Design manager",6,866,619
742,2002-06-17,14373300,"Research Assistant I",4,758,313
743,2009-11-11,13967300,"Human Resources Manager",3,421,93
744,2010-08-24,54468000,"Registered Nurse",6,794,581
745,2011-01-07,44731300,"Account Executive",5,205,585
746,1997-01-06,33234200,Nurse,3,386,383
747,1995-08-20,1590130,"Chief Design Engineer",1,40,637
748,2022-04-09,34247600,"Dental Hygienist",5,938,299
749,2005-10-20,48600100,"Software Test Engineer III",5,922,407
750,2015-04-10,74916900,"Senior Financial Analyst",5,96,583
751,2017-05-14,75757900,"Compensation Analyst",2,955,621
752,1997-08-29,25905800,"Desktop Support Technician",1,1000,69
753,2019-07-05,46997100,"Human Resources Manager",5,558,465
754,2022-03-02,19430300,Nurse,6,832,883
755,2000-06-01,35231200,"Sales Associate",2,492,18
756,1993-08-29,55433500,"Biostatistician IV",4,58,778
757,2011-10-31,58238300,"Accountant I",5,400,140
758,2006-08-22,22253000,"Structural Analysis Engineer",2,422,916
759,2016-10-23,44968600,"Community Outreach Specialist",3,22,424
760,2018-12-14,9491620,"Assistant Manager",6,897,101
761,2017-03-07,88159600,"Project Manager",5,190,17
762,2019-05-08,83576100,Teacher,3,624,346
763,2001-06-05,85031300,"Design Engineer",1,425,265
764,2001-03-19,91482200,"Programmer II",4,742,453
765,2004-06-22,97821700,"General Manager",2,47,156
766,2020-07-07,66927100,"Administrative Officer",1,446,87
767,2016-12-27,6493410,"Financial Advisor",1,70,918
768,2011-09-02,63957900,"Structural Engineer",6,145,39
769,1988-12-17,97805900,"Engineer II",1,249,26
770,2014-03-13,75071600,"Occupational Therapist",4,151,898
771,1997-10-27,95009400,"Human Resources Manager",6,148,822
772,2007-10-30,5956070,"Account Executive",2,121,348
773,1987-03-25,87323900,"Executive Secretary",2,196,583
774,2006-01-08,85658100,"Research Nurse",6,822,802
775,1988-11-09,19296300,"Associate Professor",3,25,617
776,2001-04-11,85651400,"Media Manager II",6,745,282
777,1988-09-26,92767400,"Analyst Programmer",5,945,475
778,2002-02-25,17425200,Librarian,3,647,202
779,1988-02-09,87901300,"Research Associate",1,652,494
780,1992-08-05,18560300,"Database Administrator IV",2,650,286
781,1989-10-20,45472500,"Compensation Analyst",6,807,203
782,2023-01-01,79849100,"Office Assistant III",2,536,910
783,2004-03-05,3428300,Pharmacist,4,772,237
784,2008-09-01,25257700,"Desktop Support Technician",4,660,559
785,2017-01-31,49990200,"Research Assistant II",6,673,351
786,1996-03-27,8314590,"Health Coach III",1,173,366
787,1997-07-23,74121200,"Desktop Support Technician",2,783,154
788,2009-11-03,57280100,"Biostatistician II",4,432,870
789,2011-10-26,30481600,"Staff Accountant II",6,208,211
790,1985-07-27,18630600,"Help Desk Technician",2,411,736
791,2013-03-12,43658600,"Director of Sales",5,767,119
792,2012-10-02,54759300,Professor,5,525,424
793,2022-04-09,32680700,"Desktop Support Technician",3,495,885
794,2016-08-14,43906800,"Legal Assistant",1,327,613
795,2000-08-15,8057410,"Web Designer III",1,247,157
796,2010-12-29,64259200,"Electrical Engineer",1,162,785
797,1993-11-24,74860000,"VP Accounting",1,675,521
798,1990-09-29,28854400,"Technical Writer",3,766,634
799,1996-01-04,30837300,"Senior Developer",5,766,544
800,1986-07-01,38528800,Actuary,3,380,404
801,2013-07-27,12098000,"Environmental Tech",1,179,214
802,1995-10-27,78485200,"Staff Scientist",4,30,129
803,2005-03-29,9708920,"Systems Administrator IV",3,531,174
804,2012-10-11,31034200,"Safety Technician I",5,163,749
805,1987-11-26,74073900,"Administrative Assistant II",6,373,385
806,2002-12-25,24548500,"Geological Engineer",1,470,444
807,2018-02-25,94629900,"Software Engineer II",6,753,353
808,2018-06-14,61651300,"Research Nurse",3,872,325
809,2010-11-05,24891200,"Accountant III",2,84,328
810,2004-12-04,11161300,"Programmer Analyst III",1,83,75
811,2013-02-21,89820300,"GIS Technical Architect",5,49,638
812,1994-01-13,80557600,"Product Engineer",5,389,954
813,1985-07-15,8421930,"Account Coordinator",3,383,424
814,1999-09-03,64922300,Teacher,4,290,491
815,2004-12-03,80029500,"Senior Cost Accountant",1,309,879
816,2022-01-25,19888900,"Budget/Accounting Analyst III",6,420,345
817,2018-06-21,24544700,"Biostatistician III",4,828,886
818,2000-11-07,96866700,"GIS Technical Architect",4,391,411
819,1987-08-01,36658900,"Administrative Assistant II",6,907,592
820,1988-10-08,99187900,"Systems Administrator II",2,265,657
821,2011-09-15,22274100,"Legal Assistant",5,932,880
822,1997-12-28,7109950,"Research Associate",2,370,18
823,1999-11-12,83533600,"Senior Sales Associate",1,164,5
824,1993-02-01,90294600,"Occupational Therapist",4,879,965
825,1985-09-24,54711200,"General Manager",1,568,943
826,1993-11-09,46436800,"Food Chemist",6,179,835
827,2000-05-09,14352000,"Safety Technician I",5,841,925
828,1985-08-10,67927800,"Health Coach III",2,265,221
829,1986-09-03,3932340,"General Manager",4,710,70
830,2014-11-24,55983600,"Safety Technician I",1,44,629
831,2010-02-24,62016300,"VP Product Management",1,630,491
832,2013-09-24,88144900,"Budget/Accounting Analyst I",2,917,895
833,1985-04-12,8313140,"Geological Engineer",2,187,512
834,1998-10-30,82542300,"Mechanical Systems Engineer",1,136,557
835,2002-10-28,91897600,Editor,2,282,462
836,1993-04-20,90076800,"Recruiting Manager",4,284,187
837,1990-08-21,7670210,"Senior Cost Accountant",1,746,528
838,2002-08-06,46444000,"Research Nurse",4,627,827
839,1996-06-07,14507700,Professor,6,758,451
840,2021-04-17,23662700,"Marketing Manager",6,657,124
841,2010-04-18,9394600,"Speech Pathologist",1,651,428
842,1989-11-24,37753800,"Electrical Engineer",1,837,830
843,2002-06-09,76205600,"Community Outreach Specialist",5,397,345
844,2005-10-25,98391800,"Administrative Officer",2,32,244
845,2017-06-30,20802500,"Human Resources Manager",3,978,51
846,2013-08-21,12416100,"Civil Engineer",6,814,888
847,1987-10-25,33224000,"Desktop Support Technician",6,175,293
848,1997-08-05,81425200,"VP Marketing",6,543,501
849,2008-09-17,80894700,Operator,2,255,974
850,2021-04-11,28450100,"Financial Analyst",1,878,66
851,2021-04-21,73762100,"Cost Accountant",5,480,281
852,2008-07-02,16771600,"Quality Control Specialist",5,207,895
853,2021-01-31,57122600,"Information Systems Manager",5,991,609
854,2015-07-28,43325800,"Office Assistant II",2,880,398
855,2023-04-04,42858000,"Assistant Professor",6,193,814
856,1986-06-01,15071200,"Accountant II",2,920,234
857,2021-01-31,32195900,"Executive Secretary",3,396,16
858,1992-06-13,82006700,"Software Consultant",2,106,742
859,2006-02-02,75878400,"Community Outreach Specialist",4,790,87
860,2007-01-05,29525200,"Internal Auditor",3,53,534
861,2020-12-04,92443400,"Executive Secretary",2,960,778
862,1994-03-18,31231600,"Administrative Assistant I",6,168,680
863,2009-05-02,80014100,"Software Test Engineer I",5,118,314
864,2002-04-06,89560900,Librarian,3,985,29
865,1991-02-04,19492000,"Quality Engineer",5,354,135
866,2012-12-25,57063700,"Research Nurse",6,740,982
867,2011-01-09,12326300,Teacher,3,638,540
868,2003-08-30,99857400,"Systems Administrator III",5,769,613
869,2009-04-20,74658500,"Research Nurse",1,635,289
870,2008-05-16,87670300,"VP Product Management",4,338,410
871,2018-02-12,18410900,"Senior Cost Accountant",5,904,713
872,2000-03-20,1174290,Librarian,1,331,201
873,2018-07-13,53770400,"Design Engineer",6,548,714
874,2007-01-06,90460800,"Recruiting Manager",1,849,222
875,2006-10-23,80281600,"Cost Accountant",4,198,377
876,2016-10-31,46634600,"Community Outreach Specialist",6,963,731
877,2004-03-17,41160300,"Engineer IV",3,511,352
878,1998-09-21,66624200,"VP Product Management",2,76,185
879,1992-09-02,42589300,"Quality Control Specialist",4,487,940
880,2011-03-13,51572400,"Human Resources Manager",3,885,167
881,1985-10-26,44156800,"Junior Executive",2,630,778
882,1988-04-13,62402800,"Junior Executive",4,463,726
883,2005-05-31,81618900,"Analog Circuit Design manager",1,758,148
884,2001-03-22,58803700,"Tax Accountant",4,2,798
885,2011-12-23,6557750,"Help Desk Operator",6,622,891
886,2021-07-24,24912900,"Internal Auditor",3,628,679
887,1998-06-07,11210100,"Food Chemist",2,428,618
888,1998-09-29,73178900,"Financial Advisor",5,230,855
889,2011-12-06,71886600,"Analog Circuit Design manager",5,925,298
890,2014-03-14,1708240,"Engineer I",2,801,14
891,1989-01-25,60689000,"Marketing Manager",4,262,33
892,1998-02-05,97117700,"Sales Representative",1,171,688
893,1988-10-30,89499000,"Chemical Engineer",1,241,34
894,1995-01-17,55705500,"Dental Hygienist",5,448,676
895,2017-10-18,79736200,"Programmer Analyst I",1,821,298
896,2004-03-11,39994300,"Chemical Engineer",6,35,980
897,2020-06-20,65129500,"Sales Representative",6,729,204
898,2020-11-27,14208700,"VP Sales",2,767,225
899,2003-02-21,73727500,"Office Assistant I",5,397,40
900,1998-11-30,92767700,"VP Quality Control",5,564,448
901,1992-12-25,39260000,"Tax Accountant",6,844,212
902,1986-02-17,63661200,Actuary,3,349,18
903,2020-05-29,83402200,"Chief Design Engineer",1,251,605
904,1992-01-21,55149300,"Speech Pathologist",6,819,192
905,2019-05-27,18760500,"Business Systems Development Analyst",5,769,510
906,2022-04-10,4804220,"Software Test Engineer IV",3,420,35
907,1990-12-03,32419200,Editor,3,308,564
908,2015-08-09,13230400,"Senior Sales Associate",3,944,38
909,1991-03-06,67002700,"Statistician IV",3,252,794
910,2013-04-29,80104300,"Recruiting Manager",2,844,125
911,1986-04-12,12825900,"Assistant Media Planner",1,127,32
912,2004-09-21,6622200,"Structural Engineer",3,381,209
913,2000-07-16,5942270,"Payment Adjustment Coordinator",5,792,747
914,2006-06-25,57785500,"Dental Hygienist",2,464,383
915,2023-10-14,34194600,"Administrative Assistant III",3,238,991
916,2002-02-16,91209100,"Desktop Support Technician",3,363,584
917,2012-04-03,1435300,"Assistant Professor",2,346,291
918,2000-12-06,61613500,"GIS Technical Architect",1,696,871
919,2004-09-10,45912100,"Registered Nurse",3,976,695
920,1994-02-21,16761100,"Human Resources Manager",5,379,268
921,1996-12-17,80526500,Actuary,3,768,941
922,1994-06-01,81954400,"Developer III",6,748,805
923,1992-09-04,91436100,"Programmer II",2,962,693
924,1993-01-07,77729400,"VP Accounting",5,615,318
925,2011-12-24,92204300,"Account Representative III",6,768,202
926,2023-04-16,86112500,"Human Resources Manager",3,734,78
927,1989-11-18,96238000,"Financial Advisor",2,544,649
928,2017-05-06,85073800,Professor,5,714,257
929,2016-08-23,29534200,"Chemical Engineer",6,345,89
930,2005-10-07,93050000,"Project Manager",3,360,432
931,2007-04-10,73900100,"Developer III",4,419,862
932,1988-04-09,6342780,"Electrical Engineer",1,599,154
933,2014-06-27,24716300,"Account Executive",4,90,714
934,2000-02-25,16131500,"General Manager",2,786,692
935,2015-08-10,28954200,Editor,1,457,776
936,1993-04-23,94316700,"Civil Engineer",1,553,915
937,1993-02-02,4554240,"Quality Engineer",2,623,615
938,2000-10-27,70118800,"Budget/Accounting Analyst I",2,375,550
939,1998-11-06,94068000,"Senior Sales Associate",2,109,274
940,1999-08-28,84892300,"Internal Auditor",6,771,330
941,2016-09-26,95716100,"Accountant II",1,368,350
942,2002-06-26,43747200,"GIS Technical Architect",4,703,120
943,2005-02-03,72649800,"Analyst Programmer",1,764,660
944,2021-05-18,43543800,"Research Assistant III",6,633,937
945,2003-06-09,73683700,"Geological Engineer",2,350,811
946,2001-05-13,27746500,"Assistant Professor",1,414,637
947,2006-04-28,33923800,"Account Executive",3,246,47
948,1989-02-10,45718300,Operator,4,225,828
949,1997-11-24,87159500,"Project Manager",4,82,985
950,1988-05-16,38522300,"Web Developer III",5,482,514
951,2010-04-25,87252200,"VP Marketing",6,528,655
952,1998-04-09,21362000,"Developer I",3,814,653
953,1989-03-15,39552500,"Administrative Assistant I",5,579,270
954,2008-01-05,29575200,"Senior Developer",1,170,576
955,2009-08-13,11592800,"Administrative Officer",2,736,399
956,1987-05-20,99215400,"Executive Secretary",5,867,101
957,2012-09-17,17776200,"Marketing Assistant",5,672,283
958,2019-10-10,98163100,"Director of Sales",1,897,2
959,2019-04-12,41548300,"Administrative Assistant I",6,244,497
960,2001-10-31,81459700,"General Manager",4,15,939
961,2017-12-08,7100560,"Accountant I",3,850,389
962,2014-08-07,38335200,"Structural Engineer",5,22,191
963,2013-01-20,85124700,"Food Chemist",3,266,122
964,1999-11-20,34966600,"Product Engineer",4,915,858
965,2003-04-09,95718900,"Senior Editor",5,574,819
966,1989-07-18,44267000,Professor,6,690,827
967,1995-07-24,76370800,"Statistician III",1,393,280
968,1987-08-14,79271400,Recruiter,5,767,928
969,2019-09-25,9577430,Actuary,1,25,989
970,2014-02-08,65242000,"Nurse Practicioner",6,121,611
971,1986-03-27,1761650,"Senior Financial Analyst",4,659,636
972,2006-11-05,65630300,"VP Product Management",2,375,206
973,1991-04-27,26770800,"Business Systems Development Analyst",4,205,473
974,1990-11-14,42538000,"Financial Advisor",3,422,714
975,2015-04-13,33578900,"Financial Advisor",2,219,124
976,2000-07-27,38928800,"Desktop Support Technician",3,452,1000
977,1987-06-11,83840700,"Assistant Manager",6,330,823
978,1994-05-02,76783900,"Design Engineer",3,646,653
979,1987-05-31,60736900,"Cost Accountant",2,312,17
980,1985-11-02,67479100,"Assistant Manager",2,138,289
981,2006-05-19,98309500,"Statistician III",4,885,529
982,1996-10-14,55961600,"VP Accounting",5,336,469
983,1997-10-22,35587300,"Research Nurse",2,540,798
984,2003-11-07,39651600,"Legal Assistant",3,634,875
985,2009-07-16,29676000,"Physical Therapy Assistant",3,9,836
986,1996-05-12,18374000,"Quality Engineer",2,929,224
987,1992-12-12,77457100,"Senior Cost Accountant",5,916,263
988,2009-04-09,77461300,"Structural Analysis Engineer",4,410,755
989,1991-12-21,92347100,Teacher,1,905,718
990,1988-08-12,77130800,"Staff Accountant IV",2,414,883
991,2022-08-24,6327770,"Recruiting Manager",1,196,435
992,2007-02-11,80095000,"Structural Analysis Engineer",2,758,200
993,1996-06-11,77111900,"Food Chemist",4,558,756
994,1995-03-30,52296000,"Staff Accountant I",2,669,416
995,2013-06-01,48674400,"Financial Advisor",6,56,581
996,1989-06-08,2135720,Professor,6,7,508
997,1997-05-12,7123820,"Structural Engineer",4,185,214
998,1999-05-17,87767300,"Nuclear Power Engineer",1,931,807
999,2011-05-17,79492400,"Food Chemist",1,963,390
1000,1986-10-31,54199500,Recruiter,6,234,75
