id_egresado,nombre_egresado,apellido_egresado,fecha_nacimiento,numero_documento,genero,id_tipo_documento,id_lugar_nacimiento
1,Etti,Bonnick,1981-11-02,03-049-7707,F,2,5
2,Christophorus,Lince,1995-01-28,18-728-4253,M,3,1
3,Bernadina,Ockendon,1982-07-20,77-764-8449,F,3,4
4,Ado,Cardenas,1980-06-17,20-568-2446,M,2,3
5,Obed,Duester,1998-10-24,27-498-9763,M,1,1
6,Barrie,Hue,1995-07-01,90-225-2916,F,3,2
7,Sibbie,Rohlfs,1970-11-14,45-139-0073,F,2,5
8,Olivero,Brophy,1976-08-22,78-342-6782,M,3,4
9,Jehanna,Giovannacc@i,1990-04-22,38-896-4732,F,1,4
10,Keven,Conman,1975-11-03,98-531-4902,M,2,3
11,Coretta,Szymoni,1998-12-12,08-830-6970,F,2,3
12,Paige,Fryd,1992-08-25,67-685-5437,F,1,5
13,Zonda,McCree,1992-12-19,99-751-7807,F,1,2
14,Myrvyn,Seabert,1983-07-07,18-734-9172,M,3,2
15,Anne-corinne,Size,1988-12-26,49-576-1772,F,1,2
16,Murvyn,Rames,1975-03-26,05-520-6426,M,3,2
17,Blaine,Ragborne,2002-11-13,34-811-4914,M,3,4
18,Blair,Bosnell,1995-03-12,72-975-9153,F,1,2
19,Viki,Giovannilli,1990-01-29,14-395-2844,F,2,1
20,Svend,Sail,1995-02-19,11-399-3714,M,3,1
21,Andrus,Pirrie,1986-11-05,76-269-8620,M,3,1
22,Marga,MacColl,1985-03-06,74-886-1634,F,2,3
23,Abbot,Velareal,1976-03-29,58-238-9226,M,3,1
24,Peggie,Sheffield,2001-06-09,71-128-3817,F,1,2
25,Lissie,Wedlock,1987-10-23,38-985-1827,F,3,3
26,Dore,Tice,1992-02-02,60-472-8716,M,3,2
27,Granville,Andrysek,1987-05-10,57-720-6982,M,1,2
28,Orlando,Corkell,1976-10-21,33-988-0210,M,2,5
29,Dasi,Bree,1985-08-21,78-458-1548,F,1,5
30,Engracia,Flicker,1972-11-21,47-838-7385,F,2,5
31,Mordecai,Litchfield,1988-02-04,51-052-7148,M,3,3
32,Megan,Tincey,1982-08-08,45-508-6072,F,2,4
33,Ripley,Pithie,1990-05-02,95-712-3024,M,1,5
34,Fabian,O'Dowgaine,1978-01-19,96-847-0934,M,3,2
35,Marje,Allin,1971-05-23,90-830-3840,F,1,2
36,Grace,Sheber,1977-03-11,34-314-9599,M,2,4
37,Rori,Rutty,1973-03-26,64-545-9625,F,3,3
38,Jereme,Salliere,1994-12-26,30-446-4045,M,2,3
39,Rosalinda,Deddum,1975-09-07,66-177-9424,F,1,3
40,Corny,Lepoidevin,1981-04-12,87-185-2906,M,2,5
41,Aldus,Finlator,1992-08-13,30-756-8523,M,1,3
42,Saxon,O'Mara,1996-08-25,89-183-3334,M,2,4
43,Lorena,Cornelisse,1995-10-01,24-323-1351,F,3,1
44,Pembroke,Leversha,1981-03-30,38-953-1277,M,2,5
45,Casper,Mordue,1985-08-11,74-280-4855,M,1,1
46,Rivi,Ellam,1979-07-14,84-340-1255,F,2,5
47,Pip,Ellgood,1992-04-23,26-987-7812,M,2,5
48,Hirsch,Lethby,1994-08-11,11-116-6908,M,3,2
49,Bird,Lenchenko,1981-06-11,72-494-1748,F,3,5
50,Christie,Tillerton,1994-06-06,63-364-7397,F,1,5
51,Rene,Machon,1991-11-07,23-056-3311,F,2,1
52,Man,Denidge,1987-10-17,32-824-4709,M,2,5
53,Rich,Gilffilland,1985-08-22,27-670-1591,M,1,1
54,Billy,Quinney,1976-12-18,45-061-9116,F,2,3
55,Zollie,Kighly,1981-08-04,15-718-9985,M,3,1
56,Aldus,Clarage,1998-05-29,62-151-0189,M,3,3
57,Cyrus,Lemoir,2001-12-05,14-836-8233,M,2,1
58,Nancy,Lauderdale,1985-09-11,79-557-1288,F,3,1
59,Sutherland,Meldrum,1971-07-31,78-699-8439,M,2,3
60,Tyrus,Fredi,1971-04-12,22-278-1370,M,2,1
61,Kit,Bridges,1976-03-27,02-520-6078,M,1,4
62,Monte,Bodsworth,1979-09-06,40-140-6342,M,3,3
63,Hagen,Piggot,1977-02-24,85-838-5097,M,2,5
64,Sylas,Banbrigge,1985-06-23,41-519-8346,M,3,2
65,Alano,Forsaith,1997-06-17,36-904-5570,M,2,4
66,Hynda,Tweddle,1987-01-04,76-624-2606,F,1,5
67,Ava,Caldicot,1975-09-06,39-409-0247,F,2,4
68,Ivor,O'Heagertie,1982-03-21,38-972-1883,M,3,2
69,Damon,Doram,1995-07-01,77-979-0258,M,2,3
70,Desi,Lydden,1980-11-13,17-381-2284,M,3,4
71,Guilbert,Withnall,1981-09-22,72-712-1720,M,3,5
72,Owen,Lago,1992-03-24,06-835-4682,M,1,2
73,Celene,Helgass,1976-02-09,85-772-7730,F,1,2
74,Tades,Saph,1976-07-10,48-719-4172,M,1,1
75,Alonso,Pennycock,1996-12-29,47-392-4404,M,1,2
76,Zerk,Maywood,1976-03-30,46-402-7313,M,1,1
77,Anselm,Fysh,1970-10-03,16-745-8514,M,1,5
78,Libbey,Maccree,1983-02-25,11-019-8151,F,2,1
79,Gweneth,Onn,1994-12-24,10-009-9842,F,1,4
80,Olag,Tegler,1971-11-09,73-179-2053,M,3,3
81,Randell,Dumpleton,1986-12-17,62-123-7864,M,3,2
82,Staci,Tomaszczyk,1981-08-04,27-411-4369,F,2,3
83,Daphna,Canon,1972-08-21,85-250-0774,F,1,5
84,Rana,Humbatch,1977-06-18,93-920-7541,F,3,2
85,Riva,Sinnie,1983-11-15,92-027-5475,F,1,4
86,Koral,Stickins,1983-07-18,96-333-8727,F,3,4
87,Ewan,Marke,1980-11-21,45-613-3596,M,3,5
88,Osborn,Cajkler,1995-09-25,09-871-1383,M,2,2
89,Angelica,Pitrasso,1986-04-01,22-144-6739,F,1,1
90,Broderic,Ivanchenkov,1986-11-14,74-805-2833,M,2,1
91,Orion,Proom,1992-05-04,93-607-9719,M,3,5
92,Deana,Marston,1989-11-04,62-250-1804,F,1,4
93,Von,Phayre,1991-05-25,38-572-0718,M,3,5
94,Shandie,Petzold,1993-09-07,58-146-2575,F,1,4
95,Jeanie,Croxford,1987-01-03,82-225-8091,F,1,2
96,Marje,"Van Geffen",1980-06-13,27-291-5476,F,3,3
97,Arther,Adney,1985-03-21,71-456-3470,M,2,2
98,Brigg,Dyhouse,1985-10-07,41-311-1323,M,2,5
99,Chet,Stallworth,1999-04-14,91-257-1682,M,1,4
100,Wernher,Wison,1972-10-29,85-991-8482,M,2,3
101,Mareah,Dombrell,1992-01-05,56-757-9343,F,2,3
102,Dame,Clutterham,1993-05-12,70-360-1888,M,3,3
103,Lari,Aleksandrev,2001-12-14,12-262-6135,F,3,1
104,Jo,McAlees,1977-07-22,93-742-5342,F,1,2
105,Meredeth,Goodbairn,2002-12-02,12-779-5247,M,3,5
106,Averill,Helkin,1999-12-31,98-592-0630,M,3,5
107,Odie,Hinrichsen,1983-06-09,24-424-5989,M,3,1
108,Shellysheldon,Dimbleby,1975-02-19,95-374-4310,M,1,3
109,Page,Toghill,1998-10-14,32-255-2785,M,3,5
110,Winnah,Rounds,1977-11-16,46-065-2455,F,2,5
111,Ambrosio,Konertz,1995-12-22,62-803-5944,M,2,4
112,Euphemia,Alenichev,1974-10-21,07-713-5735,F,3,5
113,Ariel,Frugier,1988-09-24,01-517-4750,F,2,3
114,Heall,Feore,1972-04-20,55-881-2901,M,1,1
115,Marris,Hens,1978-07-17,76-021-8476,F,2,5
116,Rolando,Muirhead,1972-01-29,93-808-5794,M,2,3
117,Latrina,Hamments,1971-01-27,08-997-1745,F,2,3
118,Tansy,Dundin,1981-03-31,30-734-6301,F,1,2
119,Frederick,Studdeard,1972-06-05,31-388-4971,M,3,5
120,Mattie,Shuttle,1977-06-22,53-584-4295,F,3,1
121,Eba,Crummie,1981-03-20,76-951-0072,F,2,2
122,Madelyn,Kermitt,1984-06-16,06-896-6281,F,1,3
123,Karmen,Grocutt,1981-10-18,29-823-8489,F,3,3
124,Dedra,Aers,1977-05-12,60-342-9325,F,1,1
125,Livy,Stutt,1974-02-05,85-031-8112,F,2,5
126,Max,Brenneke,1999-12-25,62-781-9222,F,1,4
127,Currey,Busse,1989-09-04,34-778-3676,M,1,4
128,Englebert,Ingilson,1999-10-21,65-639-6641,M,2,4
129,Tatiana,Hammel,1988-08-21,76-414-0574,F,1,5
130,Ann,Barrack,1992-01-19,17-744-1422,F,2,4
131,Ritchie,Urling,1980-04-27,35-408-3119,M,3,5
132,Oliy,Pinchon,1971-09-15,76-266-5557,F,1,4
133,Fleur,Chiverton,1984-09-25,57-114-0382,F,2,4
134,Ellsworth,Mason,1974-06-08,61-095-2708,M,3,3
135,Nathan,Lansley,1975-07-08,60-325-2781,M,3,3
136,Lorens,Penniall,1999-01-08,76-462-4974,M,2,5
137,Lucinda,Noor,1988-05-25,08-780-0861,F,2,1
138,Tomlin,Lathy,2002-01-16,63-357-1703,M,1,5
139,Sidonia,Rampage,1976-06-10,91-738-3925,F,1,3
140,Cass,Semechik,2000-02-07,55-927-9309,M,3,3
141,Ealasaid,Walcher,2001-08-13,49-695-1859,F,2,3
142,Webb,Arnold,1975-07-24,52-571-0523,M,2,1
143,Wiley,Warrilow,2001-11-15,82-325-4965,M,2,5
144,Odo,Hammerberg,1990-02-15,77-338-2047,M,2,3
145,Mickie,Prangnell,1998-09-20,73-043-5370,F,3,1
146,Thorin,Pulsford,1984-09-25,51-744-4029,M,3,2
147,Shanda,Marriott,1981-11-11,09-021-9035,F,3,5
148,Blakeley,Maddicks,1981-02-27,44-646-8285,F,3,5
149,Mirabelle,Kohneke,1977-01-08,55-172-0533,F,2,3
150,Staford,Keaveny,1978-04-10,46-186-5968,M,1,2
151,Jamison,Anwell,1982-03-09,23-586-4927,M,2,4
152,Beale,Dumberell,1998-06-10,35-722-3425,M,3,4
153,Larissa,O'Fihily,1979-05-07,04-146-0042,F,1,2
154,Blake,Menilove,1970-12-20,89-616-0498,M,2,4
155,Val,Zarfai,1974-08-30,79-561-6111,F,3,1
156,Koenraad,Karolewski,2002-08-01,00-136-4446,M,2,4
157,Renard,Swane,1978-05-02,54-573-2030,M,3,1
158,Gus,Wulfinger,2000-01-11,93-622-0016,M,3,5
159,Adam,Arent,1998-04-24,42-162-2678,M,2,3
160,Salomon,Caldroni,2001-05-18,58-261-1292,M,3,5
161,Latashia,Castelluzzi,1982-08-06,52-177-2285,F,1,3
162,Cathleen,Grumble,1985-07-05,75-137-2459,F,2,1
163,Deane,Crennan,1993-04-22,82-626-1946,M,3,5
164,Agnesse,Camin,1987-12-13,49-953-7675,F,3,3
165,Langston,Wedgwood,1990-04-02,82-495-5813,M,2,4
166,Purcell,MacCaughan,1984-06-23,75-932-8067,M,1,5
167,Dionysus,Carsberg,1986-02-14,60-090-0123,M,1,4
168,Orelee,Shearmur,1980-03-12,72-138-0884,F,1,1
169,Monty,Tyson,1989-03-12,80-522-6864,M,3,4
170,Aurelia,Wilson,2001-03-09,11-301-0027,F,3,4
171,Sena,Jeanneau,1992-08-01,78-314-7427,F,1,4
172,Caddric,Biscomb,1997-02-15,10-483-9101,M,3,4
173,Remington,Ogg,1983-11-07,52-349-2406,M,2,1
174,Randy,Kleiser,1974-05-09,58-651-9961,M,3,3
175,Marne,Kitchaside,1972-02-10,59-507-2762,F,3,4
176,Emmanuel,Cubbino,1981-10-10,64-937-9117,M,2,4
177,Gustave,Juckes,1986-11-10,77-638-8516,M,1,5
178,Sharleen,Dzeniskevich,1985-06-10,53-586-0600,F,1,4
179,Oby,McElwee,2000-09-17,09-900-7549,M,3,5
180,Lionello,Soal,1985-09-10,91-760-8605,M,3,4
181,Richard,Smitheman,1976-09-01,78-386-8169,M,2,1
182,Petr,Meah,1970-04-02,41-905-5960,M,1,1
183,Jefferson,Kinset,1984-12-22,78-556-8935,M,2,1
184,Sigrid,Leate,2000-05-13,74-059-5453,F,1,5
185,Marquita,Lemon,1982-08-07,37-821-2994,F,1,1
186,Mercie,Tissell,1976-07-22,45-196-8473,F,1,4
187,Hubert,Lutsch,1997-03-07,16-859-4073,M,2,1
188,Raviv,Shalloe,1976-06-17,17-450-3078,M,3,3
189,Benedicto,Water,2000-03-19,27-579-3557,M,2,1
190,Calypso,Loidl,1976-05-31,61-897-7181,F,2,2
191,Amy,Perks,1984-07-31,67-780-1449,F,3,4
192,Mal,Westley,2000-07-14,29-501-8517,M,1,1
193,Michal,Higgonet,2001-12-23,86-338-3578,M,1,5
194,Stephannie,Staddart,1971-07-25,76-534-8772,F,1,5
195,Krystalle,Mullin,1989-09-01,60-845-0308,F,2,5
196,Ban,Loft,1997-10-06,72-707-6956,M,3,1
197,Wallis,Cowmeadow,1979-12-03,10-843-7958,M,3,5
198,Daisey,Lias,1970-04-03,27-865-6161,F,2,3
199,Ax,Sparshatt,1970-02-22,57-970-8600,M,1,1
200,Flory,"De Lacey",1987-06-23,22-482-3297,F,1,2
201,Joela,Fyers,1992-05-09,89-887-0069,F,1,4
202,Suzanna,Daviot,1995-10-08,90-430-2537,F,1,5
203,Flore,Yeldon,1975-09-08,37-708-4191,F,1,5
204,Tildi,Bretelle,1980-03-07,92-186-2060,F,1,1
205,Dale,Pietruschka,1992-01-08,85-058-3523,M,3,4
206,Cecilio,Combes,1998-07-24,09-393-8144,M,2,5
207,Erskine,Spybey,1993-01-16,45-544-7219,M,1,3
208,Gerrilee,Werny,1986-07-28,94-334-6871,F,3,4
209,Janela,Poleykett,1976-02-23,52-456-8862,F,1,2
210,Jobye,"O' Donohue",1975-12-31,61-696-8849,F,3,1
211,Lew,Cardiff,1971-07-21,97-992-6529,M,3,2
212,Shaughn,Younglove,1991-08-11,57-966-1624,M,3,1
213,Tymothy,Dumphrey,1977-09-23,22-332-1039,M,1,2
214,Blakeley,Lorenc,1978-07-29,85-517-0087,F,2,4
215,Annabella,Perry,1973-12-22,31-110-9495,F,3,4
216,Essa,Wherrett,1979-11-01,05-674-4074,F,2,1
217,Hartwell,Fonso,1979-10-10,19-333-6025,M,1,5
218,Marv,Safhill,1980-04-28,57-386-4980,M,2,4
219,Marshal,Buey,1981-10-12,50-189-7488,M,3,2
220,Killian,O'Shee,1984-03-09,50-276-6609,M,1,5
221,Gwyneth,Henrionot,1979-04-26,06-622-5084,F,2,3
222,Melisse,Jerosch,1983-06-18,84-696-4253,F,3,5
223,Brett,Hardesty,1975-12-17,53-488-7049,M,3,5
224,Rodd,Beaby,1978-02-27,38-428-6906,M,2,3
225,Tobey,Gotts,1993-08-30,53-169-5569,F,2,4
226,Thoma,Cundey,1990-09-22,83-324-2610,M,2,2
227,Martina,Biford,1988-04-20,38-012-5296,F,2,3
228,Tan,Goede,1978-05-02,94-468-5200,M,3,2
229,Bryon,Beloe,1985-09-30,23-591-4958,M,3,4
230,Thoma,Snaddin,1986-01-04,63-249-8847,M,2,1
231,Maryrose,Overbury,1979-09-05,52-884-4561,F,2,5
232,Bamby,Blacklock,1979-05-30,44-953-3037,F,3,5
233,Margie,Hayball,1987-07-31,74-803-7055,F,2,2
234,Abbot,Scrowton,1974-05-11,39-301-7057,M,3,1
235,Benji,Garrelts,1989-11-06,54-560-1001,M,1,4
236,Blanche,Cottage,1988-10-31,65-572-5117,F,1,1
237,Aurelea,Tomaschke,1991-05-13,08-785-0616,F,1,1
238,Danika,Chappelow,1978-07-03,95-084-1000,F,2,1
239,Brendon,Hardie,1980-08-21,87-369-8541,M,3,4
240,Kippie,Weaving,1975-03-26,30-491-7807,F,2,5
241,Shadow,Gammett,1987-03-15,48-183-0634,M,1,5
242,Arabela,Snarr,1986-08-03,74-529-5095,F,3,5
243,Errol,Benzie,1970-07-05,94-340-6508,M,2,5
244,Alvera,Oakes,1981-01-28,86-956-6468,F,1,4
245,Ker,Ciccoloi,1993-05-24,86-177-8016,M,3,5
246,Rosalinde,Stapleton,1986-08-21,93-013-8764,F,2,3
247,Leonie,Offield,1980-05-02,38-843-6352,F,2,1
248,Annis,Brunsden,1998-10-13,29-323-2544,F,3,5
249,Marcos,Strank,1977-09-19,04-848-7197,M,2,5
250,Corrinne,MacGaffey,1974-01-11,49-091-3515,F,1,4
251,Forester,Campelli,1981-09-29,65-818-2860,M,2,1
252,Seymour,Snasdell,1991-07-28,49-920-1790,M,1,3
253,Corrinne,Borrott,2002-01-20,13-981-8841,F,1,5
254,Cam,McLernon,1980-06-14,96-646-0742,F,3,2
255,Martynne,Conyard,1986-11-13,59-285-8448,F,3,4
256,Dominica,Edy,2002-01-16,85-012-2241,F,1,2
257,Paulie,Powles,1984-02-28,30-245-1988,M,2,1
258,Caro,Henric,1981-11-09,68-841-2211,F,1,1
259,Desirae,Lyven,1997-08-26,98-866-6531,F,3,3
260,Roby,Gosenell,1978-10-22,48-130-7257,F,2,5
261,Jay,Bernardos,1993-04-05,03-788-9981,M,1,1
262,Katleen,Booth-Jarvis,1994-06-19,38-429-6175,F,1,2
263,Paulita,Axelbey,1979-08-18,61-004-6569,F,2,4
264,Elane,Morena,1982-03-06,97-986-2212,F,2,4
265,Toddy,Finlason,1985-06-09,57-423-7618,M,2,3
266,Elyn,Gergler,1999-12-26,32-437-7540,F,3,2
267,Stephine,Craney,1974-06-22,32-792-2252,F,1,2
268,Dickie,Cheves,1971-02-22,09-181-1097,M,2,5
269,Otes,Pimme,1970-05-19,38-288-8869,M,3,1
270,Carol,Bendon,1977-12-10,16-604-2569,F,3,1
271,Gregorio,Hugnin,1970-01-13,81-584-3319,M,3,1
272,Husain,Hardcastle,1980-05-16,56-630-5071,M,1,4
273,Ulric,Shewring,1994-09-07,04-171-5772,M,1,2
274,Dex,Malletratt,1986-04-20,75-977-8038,M,3,5
275,Eldridge,Bixley,1986-08-12,41-765-0536,M,2,5
276,Mickie,Matuschek,1980-06-10,71-754-1715,F,1,2
277,Donelle,Heselwood,1994-03-23,43-538-1441,F,1,4
278,Allissa,Carles,1997-06-09,67-332-1911,F,3,5
279,Annabelle,Paddy,1977-12-14,61-261-2431,F,1,4
280,Cullen,Radbond,1998-01-02,50-540-0834,M,3,1
281,Jackqueline,Urridge,2000-08-24,10-195-5835,F,3,2
282,Robinetta,Hubble,1987-04-21,10-860-2122,F,3,1
283,Caresa,Dinsell,1979-06-06,40-645-6131,F,2,2
284,Gabbie,Dunnet,1980-12-14,58-654-2102,M,2,3
285,Arlyne,Freed,1997-06-11,83-738-7058,F,1,2
286,Burty,Crownshaw,2002-06-29,12-980-6897,M,2,5
287,Clayton,Mathivet,1979-11-22,96-576-6309,M,1,1
288,Indira,Grafton-Herbert,1971-05-17,59-159-6071,F,2,1
289,Ingmar,Waddup,2000-01-16,35-602-7667,M,1,1
290,Niko,Tollet,1977-06-12,34-289-4704,M,2,4
291,Phylis,Bachelar,1999-05-26,10-709-9873,F,3,2
292,Alameda,Sloane,2002-05-30,95-653-4722,F,3,4
293,Georgie,"De Gregario",1995-04-13,96-240-1484,F,3,2
294,Tuesday,Cherm,1991-04-09,20-709-1505,F,2,1
295,Dulcinea,Fitch,1997-11-30,50-178-2768,F,1,2
296,Serena,Etoile,1973-04-28,63-129-4337,F,3,3
297,Linnet,Arnau,1990-11-29,83-494-5767,F,3,3
298,Bartie,Broady,1985-05-21,45-809-2220,M,1,4
299,Lilah,Galliard,1972-08-20,15-583-0054,F,2,3
300,Matthias,Twigge,1979-08-26,18-542-5109,M,2,4
301,Emeline,Buney,1982-12-20,76-156-4160,F,3,3
302,Jo,Blackah,1994-09-18,03-213-0687,M,3,2
303,Jae,Cummungs,1995-01-31,09-778-6620,M,3,1
304,Vivi,Larne,2000-11-04,36-873-5079,F,2,2
305,Morgen,Isakov,1986-07-14,65-415-4008,M,2,3
306,Shalna,Tailby,1972-06-19,29-237-3233,F,3,4
307,Ryun,Ebi,1986-09-16,85-648-2330,M,3,2
308,Freddie,Balfe,1996-01-11,98-179-7465,F,2,1
309,Pernell,Heffy,1986-12-31,79-476-1505,M,1,2
310,Tomi,Wisden,1993-08-01,47-045-1663,F,3,1
311,Hermie,Bloore,1982-02-27,25-979-2113,M,3,5
312,Ken,Rodrig,1975-03-18,29-721-2532,M,2,3
313,Bobby,Schach,1994-02-10,15-028-2367,F,3,2
314,Gifford,Barrie,1982-04-13,91-762-4674,M,2,2
315,Belvia,Llop,2001-03-06,84-187-9349,F,2,4
316,Una,Placido,1994-04-11,01-629-3312,F,3,4
317,Tore,Flitcroft,1985-01-28,36-368-8450,M,1,2
318,Barri,"Van Halen",1989-02-15,99-656-7426,M,3,3
319,Darda,Copper,1987-05-01,32-313-6952,F,2,1
320,Max,Gath,1992-05-03,16-096-0852,F,1,3
321,Eileen,Verduin,1975-08-31,49-890-7516,F,2,4
322,Farra,O'Hear,1978-08-06,35-051-0199,F,1,3
323,Axe,Schimaschke,1998-10-31,08-321-0390,M,3,2
324,Lindsay,Wisniewski,1981-10-21,63-307-6903,M,1,3
325,Arte,Joisce,1972-04-06,01-178-4410,M,2,3
326,Pail,McCaighey,1971-12-11,19-265-6054,M,2,3
327,Junia,Dykes,1995-10-06,47-540-6753,F,2,1
328,Shurlocke,Haddow,1977-09-27,70-252-5286,M,3,5
329,Shay,Sedgman,1971-03-24,15-454-0063,F,1,2
330,Mack,Dishman,1980-06-30,93-389-7530,M,1,5
331,Nikki,O'Fogerty,1993-07-08,78-836-9478,M,3,1
332,Whit,Shanley,1983-08-25,61-577-3162,M,2,5
333,Riobard,"Di Roberto",1976-01-26,20-680-2917,M,1,1
334,Dyane,Truelove,1992-02-16,04-512-4120,F,3,1
335,Natalina,Knowlson,1970-01-25,50-772-0189,F,2,5
336,Marylee,Castagne,1998-11-03,74-714-5012,F,1,1
337,Norean,Janson,1994-03-24,75-400-2360,F,2,4
338,Gillian,MacIver,1986-03-24,62-304-0972,F,2,1
339,Joanie,Crampsy,2001-07-03,11-637-1373,F,1,4
340,Neilla,Kaaskooper,1988-10-22,07-481-8664,F,2,1
341,Lion,Bastable,1996-08-10,81-299-3534,M,1,2
342,Skyler,Slyme,1996-08-07,00-654-9870,M,2,3
343,Kinny,Kiera,1986-10-12,45-458-5114,M,3,5
344,Scot,Atheis,1975-07-31,38-568-6367,M,2,3
345,Dorie,Sieur,2002-02-18,88-641-8682,M,1,1
346,Amity,Drabble,1971-04-14,43-886-8969,F,1,4
347,Nataline,Anten,1989-01-20,27-039-3864,F,2,5
348,Bellanca,Fevier,1984-08-31,60-469-6026,F,2,5
349,Odell,Stairs,2001-06-16,94-439-8445,M,2,3
350,"De witt",Grinaway,2000-10-09,68-145-6161,M,3,5
351,Wood,Spinage,1997-10-24,81-933-0741,M,3,3
352,Violet,Legerton,1970-02-15,58-591-6070,F,1,2
353,Perla,Pentycross,1999-03-30,02-342-2546,F,2,4
354,Rosana,Croker,1986-02-26,80-379-6060,F,1,2
355,Greta,Kondratenko,1983-05-28,39-332-8543,F,3,2
356,Jasen,Frankel,1999-10-24,88-007-7352,M,1,4
357,Berti,Annwyl,2000-05-30,79-328-0759,M,1,5
358,Sasha,Tinkham,1978-03-11,89-153-8636,F,2,2
359,Brien,Liversley,1973-05-23,62-183-1324,M,2,2
360,Pammie,Syncke,1999-09-07,66-808-3100,F,1,1
361,Duff,Powder,1989-11-05,50-135-3237,M,3,4
362,Hammad,Black,2000-02-20,45-225-9526,M,3,2
363,Pierce,Flello,1982-08-11,39-846-4137,M,1,3
364,Fancie,Duley,1985-10-11,74-552-7246,F,3,5
365,Ulrich,Parkhouse,1994-06-22,72-209-5126,M,3,5
366,Shelli,Ickowics,1986-12-09,14-184-2213,F,1,3
367,Cristie,Nias,1986-08-28,26-715-6461,F,1,5
368,Devlen,Godbert,2000-12-05,76-659-2235,M,3,5
369,Salvatore,Briddock,1985-09-30,55-050-7996,M,2,1
370,Buddie,Bartolijn,1973-02-22,05-936-7977,M,1,1
371,Avery,"De Clairmont",1983-10-03,18-714-4733,M,3,2
372,Stafford,Taylor,1971-12-07,93-670-1411,M,1,1
373,Harlin,Daniels,1996-09-12,36-065-8524,M,3,4
374,Venita,Miere,1998-12-06,20-734-6447,F,3,2
375,Ethelred,Tussaine,1982-01-18,44-315-9685,M,2,5
376,Lynn,Akaster,1972-06-04,76-459-6543,F,2,2
377,Dirk,Todarini,1987-08-11,76-096-3296,M,1,4
378,Gaspard,Nutbean,1972-04-27,88-321-9085,M,2,4
379,Donavon,Bonds,2001-11-28,26-503-1250,M,3,4
380,Carla,Heining,1990-06-03,92-080-8230,F,1,1
381,Natalie,Boshers,1978-11-11,50-993-7512,F,3,5
382,Mattie,Daykin,1984-07-26,35-978-7471,F,2,1
383,Sukey,German,1978-05-25,65-022-4123,F,1,1
384,Rowland,Greatland,1989-07-02,30-282-0841,M,2,4
385,Shane,MacDearmid,1992-03-01,58-199-3777,M,1,1
386,Lannie,Abbets,1983-09-07,07-796-8596,M,1,2
387,Gertruda,Watchorn,1982-04-29,86-450-7373,F,3,5
388,Donia,Gallahar,1999-06-25,57-505-6916,F,1,4
389,Daniella,Handover,2002-03-14,93-289-0028,F,3,5
390,Emory,Wegenen,1974-03-02,01-359-3969,M,3,4
391,Molly,Bende,1992-08-24,64-448-5353,F,2,4
392,Vi,Smurfitt,1976-01-10,49-018-3867,F,2,1
393,Ludovika,Clyburn,1983-03-20,12-784-0729,F,3,2
394,Magnum,Blackie,1984-03-15,87-610-8216,M,1,2
395,Micki,Yegorshin,1981-02-03,28-973-5577,F,2,4
396,Jud,Sermin,1971-07-23,04-315-0887,M,1,2
397,Durand,Methven,1986-06-09,25-998-0622,M,1,1
398,Valry,Tembey,2002-06-26,34-736-6906,F,1,5
399,Malachi,Stampe,1981-05-28,59-703-6049,M,3,3
400,Devin,Woodruffe,1993-08-31,48-674-2371,M,3,4
401,Idalina,Ivanisov,1987-10-13,29-186-3222,F,1,4
402,Salomone,Rosentholer,1991-05-13,97-005-0980,M,1,1
403,Herta,Dukes,1974-01-13,66-339-6394,F,1,1
404,Elisabetta,Swire,1973-11-23,38-584-0553,F,2,5
405,Heywood,Matussow,1981-04-16,40-176-7817,M,1,1
406,Aretha,Guilliatt,1984-06-16,44-212-6170,F,3,2
407,Elspeth,Coppard,1985-09-13,24-196-6215,F,1,5
408,Levi,Postins,1987-03-05,26-167-9807,M,2,5
409,Adelaida,Cicconettii,1995-01-10,98-111-0593,F,2,1
410,Krissie,Lechmere,1986-08-25,97-919-4192,F,3,5
411,Binny,Josuweit,1986-02-03,85-453-7362,F,3,2
412,Tan,Zannotelli,1989-06-17,75-642-5004,M,3,5
413,Kyle,Manners,1973-04-06,05-949-7873,F,2,2
414,Nowell,Davidovic,1998-12-28,20-502-3617,M,3,1
415,Thorn,Prendeguest,1971-05-24,68-693-7610,M,2,3
416,Birgit,Faughny,1999-07-23,06-430-0206,F,2,3
417,Stepha,Dresche,1993-06-14,69-300-2086,F,3,5
418,Rebbecca,Yanyushkin,1988-03-08,32-816-5525,F,2,2
419,Rossie,Brake,1980-08-03,68-694-9354,M,3,1
420,Lily,Philliphs,1989-11-30,65-899-3198,F,1,5
421,Meredith,Sawbridge,1995-09-14,68-712-1025,M,2,3
422,Meridel,Dallender,1990-07-01,10-115-7116,F,3,4
423,Herc,Pracy,1992-07-20,52-864-0535,M,3,1
424,David,MacPadene,1995-08-16,27-286-9054,M,3,1
425,Ingmar,Tanswell,1982-08-26,42-341-3471,M,1,2
426,Mahmoud,Linstead,1986-11-08,21-036-0572,M,2,2
427,Jerome,Harrington,1991-03-04,53-794-0328,M,2,1
428,Nessi,Demangeon,1983-02-03,39-232-2233,F,1,1
429,Krysta,Norrie,1989-05-22,72-639-3811,F,1,3
430,Willey,Pottberry,1992-11-10,29-969-0100,M,2,5
431,Earle,McGettrick,1973-10-05,87-975-5141,M,3,4
432,Ronald,Kalisz,1980-04-29,32-689-7358,M,1,2
433,Shellie,Sheaber,1973-08-06,55-386-4386,F,1,3
434,Robinette,Duprey,1986-09-10,14-482-7219,F,1,2
435,Bobette,Ridel,1993-05-29,01-676-2281,F,2,1
436,John,Roswarn,1974-12-19,82-516-2967,M,1,1
437,Clotilda,Schwieso,1983-09-23,58-761-6739,F,2,1
438,Marcelia,Arrell,2000-05-18,13-419-7969,F,2,5
439,Phineas,Vicent,1983-03-23,75-811-4676,M,2,2
440,Gerda,Doorly,1990-07-03,27-538-4962,F,2,2
441,Kirby,Rzehorz,1981-09-11,14-091-6048,M,3,4
442,Miller,Paullin,1972-01-31,40-587-1560,M,1,2
443,Gwynne,Voff,1986-04-04,10-257-5063,F,1,2
444,Taylor,Comfort,1988-11-25,10-561-3023,M,1,1
445,Adelaida,Crocroft,1973-05-05,37-013-1155,F,2,2
446,Giraldo,Pinckney,1999-06-12,20-267-1107,M,2,5
447,Cassandra,Rennard,1996-10-31,79-662-0634,F,1,2
448,Rowen,Barnfield,2000-09-11,34-281-0953,M,1,3
449,Fabian,Pourvoieur,1998-09-19,38-014-4263,M,1,4
450,Lise,Plowes,1983-06-15,84-373-3838,F,2,2
451,Bartlet,Markey,1993-09-24,36-489-6251,M,3,1
452,Hildagarde,Guillain,1979-01-07,20-515-7839,F,2,5
453,Gwen,Currey,1998-03-06,47-397-3971,F,1,4
454,Red,Scorah,1995-01-28,55-732-3409,M,1,3
455,Penrod,Lorentzen,1981-01-30,31-866-1968,M,3,1
456,Cyndi,Mitcham,1984-07-06,56-325-4409,F,3,4
457,Stanley,"di Rocca",1987-06-16,02-759-1060,M,2,5
458,Onida,Marrows,1972-03-03,76-671-8386,F,3,5
459,Fredi,Domsalla,1984-02-23,93-028-3504,F,3,5
460,Tine,Portt,1999-05-27,06-477-2085,F,2,5
461,Osgood,O'Noulane,1999-10-14,39-475-2323,M,3,5
462,Piotr,Coweuppe,1989-04-15,99-386-3281,M,3,2
463,Boothe,Clewlowe,1983-02-04,96-666-9494,M,3,5
464,Marianna,Truitt,1986-08-31,07-464-6988,F,2,5
465,Lyn,Chisolm,1986-03-05,37-223-5549,F,1,5
466,Krystle,Krook,1996-12-29,67-193-0433,F,2,3
467,Reade,Jiri,1977-01-26,60-361-9696,M,3,5
468,Mayne,Smart,2002-09-18,25-643-4030,M,3,3
469,Lisha,Wisher,1997-01-11,60-696-9485,F,1,4
470,Marrilee,Sheringham,1986-04-27,74-076-9088,F,3,2
471,Chancey,Leys,1984-12-01,18-450-6914,M,3,1
472,Antonin,Mabb,1974-10-22,43-455-3233,M,2,4
473,Westbrook,Baudrey,1993-05-13,59-437-8777,M,1,5
474,Darlene,Neeves,1976-02-29,34-039-5180,F,1,3
475,Hanna,Cockerell,1979-04-24,39-488-7703,F,2,1
476,Valli,Vockins,1987-06-30,83-764-4031,F,3,1
477,Holly-anne,Fawcus,1981-05-04,97-338-9649,F,3,5
478,Mollee,Skully,1984-10-09,68-434-3492,F,2,2
479,Rutter,McLaughlan,1971-12-03,86-039-2979,M,2,1
480,Hyacinthe,Heale,1989-09-21,12-069-6999,F,3,1
481,Brenna,Bulpitt,1998-01-19,94-622-1472,F,3,1
482,Hy,Tresise,2002-07-27,22-385-0678,M,3,3
483,Randene,Sowley,1983-11-23,50-595-1989,F,3,4
484,Henderson,Cricket,1983-02-18,70-968-4125,M,2,5
485,Morris,Lytle,1990-03-27,19-918-3447,M,1,4
486,Vinni,Stouther,1970-03-27,40-328-8066,F,1,3
487,Florella,Tench,1989-02-01,47-205-9159,F,2,5
488,Darin,Wasteney,1980-06-21,89-653-1389,M,1,4
489,Cleo,Whellans,2001-08-10,72-634-5877,F,2,1
490,Leigh,Paprotny,1991-02-27,21-617-3619,F,1,4
491,Dillon,Hedon,1986-11-04,71-339-3354,M,3,5
492,Jaine,Ridgwell,2002-08-20,26-561-2611,F,2,3
493,Rock,Bouller,1990-06-03,45-490-7097,M,3,1
494,Harman,Abbes,1991-07-10,97-106-4502,M,1,3
495,Bird,Galvan,1974-07-04,41-576-7495,F,1,1
496,Larissa,Tomisch,1996-12-24,62-562-3212,F,1,1
497,Cullen,Deverose,1971-02-13,70-071-8610,M,1,2
498,Cory,Rosi,1993-01-19,44-811-6116,F,3,4
499,Yehudit,Sandford,1971-01-26,61-922-8578,M,2,5
500,Sybilla,Hurlin,1987-08-18,64-843-9196,F,3,3
501,Tersina,Franke,1998-05-09,27-620-3541,F,1,4
502,Pascale,Force,1995-11-28,02-021-6763,M,1,3
503,Tasha,Filler,1987-01-19,74-187-3044,F,3,4
504,Sly,Wemes,1995-07-19,97-459-6667,M,1,2
505,Xena,Ault,1994-10-20,95-722-1770,F,1,3
506,Cicely,Hubbart,1972-01-07,33-464-5124,F,2,5
507,Celestyna,Hearfield,1990-10-24,83-956-4403,F,2,4
508,Ally,Ferran,1972-07-30,04-852-0120,F,2,1
509,Danny,Mardlin,1992-05-16,36-740-4472,M,1,2
510,Charmine,Pablos,1981-04-08,28-760-7700,F,1,3
511,Daryn,Joule,1997-02-07,07-571-7226,F,1,1
512,Tadeas,Verney,1993-02-16,99-624-6401,M,3,4
513,Ricky,Phillip,1979-12-05,91-995-0568,F,2,3
514,Wolfy,Looks,1979-05-24,95-149-7770,M,3,2
515,Tamra,Earengey,1981-01-13,88-059-4860,F,2,4
516,Joshuah,Gadeaux,1979-05-18,14-938-5254,M,1,5
517,Johnny,Gilyatt,2000-05-17,35-343-9934,M,2,1
518,Linette,Kenyam,1982-06-02,43-178-7542,F,3,3
519,Tabby,Emanueli,1991-07-26,03-155-9888,M,2,2
520,Elise,Cartmale,1980-12-29,23-111-2307,F,1,4
521,Evanne,Stollwerk,1995-07-31,89-070-0852,F,3,1
522,Tuck,Lowndsbrough,1989-05-18,23-238-7645,M,3,2
523,Sylvia,Twoohy,1999-07-03,22-447-4139,F,3,5
524,Nolie,Grichukhin,1985-09-18,48-645-9899,F,1,5
525,Trudie,Danilchik,1976-11-12,20-251-9865,F,2,5
526,Matt,Sawter,1974-01-08,11-647-7851,M,3,3
527,Nathanael,Gurley,1979-10-03,20-431-4151,M,2,3
528,Muire,Chard,1991-08-28,14-893-6263,F,2,2
529,Brandi,Harbert,1994-03-10,24-379-8546,F,1,4
530,Bertie,Claris,1999-10-22,36-938-0040,M,1,3
531,Garrard,Orable,1997-04-01,29-114-8304,M,3,5
532,Goldy,Reinhardt,1983-09-28,08-464-9902,F,2,4
533,Garv,Buttrey,1987-09-18,36-873-8768,M,3,2
534,Reginald,Sager,1981-06-20,08-435-1611,M,2,5
535,Ike,Zannini,1973-03-17,16-829-4203,M,3,5
536,Reagen,Churn,1976-07-27,20-506-0265,M,2,4
537,Aldo,Jobes,1975-02-12,04-925-6149,M,3,2
538,Finley,Rohlfs,2001-08-25,88-936-0373,M,1,1
539,Mignon,Jorden,1971-04-24,86-298-9299,F,3,5
540,Hyacinthia,Primrose,1971-02-10,21-022-4492,F,2,1
541,Tadeas,Volett,1977-04-10,97-766-9687,M,2,5
542,Chane,Tschersich,1996-09-07,93-474-9109,M,2,5
543,Vladimir,Collick,1993-09-22,66-456-9209,M,1,2
544,Dudley,Edscer,1994-11-23,16-062-5859,M,1,4
545,Cissy,Wones,1999-11-03,79-684-7162,F,3,2
546,Van,Gladdolph,1991-05-05,28-266-4565,F,3,5
547,Gardie,Alwell,1990-07-01,80-178-6786,M,1,4
548,Carie,O'Kane,1989-01-26,22-936-0623,F,1,1
549,Daniel,Laite,1977-04-29,88-470-9164,M,3,2
550,Oliviero,Cheal,1986-11-13,59-992-3762,M,1,1
551,Lois,Pevreal,1982-11-02,04-826-0454,F,1,5
552,Iago,Epine,1999-03-11,28-766-9164,M,3,3
553,Reagan,Snead,1976-07-31,33-803-6664,M,2,5
554,Prentice,Thorlby,1975-06-15,01-738-3136,M,3,5
555,Dulcia,Rupel,1970-03-30,90-887-5918,F,1,3
556,Ardra,Longford,1986-07-05,45-676-0424,F,2,4
557,Nonnah,Hackford,1972-05-21,59-196-6411,F,3,3
558,Claudian,Clemitt,1976-07-15,36-187-3132,M,3,2
559,Garik,Mair,1976-01-27,09-409-9104,M,1,1
560,Adair,Richard,1974-10-13,21-311-5011,M,1,5
561,Sascha,Revett,1991-03-31,71-093-4386,F,1,2
562,Herbert,Winckle,1985-09-09,60-761-5666,M,2,3
563,Meghan,Tathacott,1996-12-29,32-504-0903,F,1,5
564,Mabel,Lyfe,1975-05-04,24-074-3911,F,2,4
565,Selle,Darrigone,1997-07-31,56-542-1614,F,3,1
566,Allard,Boldry,1972-12-11,61-317-4672,M,1,5
567,Keeley,Stoad,1976-01-04,08-495-7290,F,3,3
568,Teresa,Pagel,1973-05-09,42-435-6140,F,3,2
569,Heda,McGourty,1979-10-10,48-730-2800,F,2,3
570,Liva,Reeday,1976-08-07,33-669-4085,F,1,2
571,Petunia,Andrat,1997-10-03,00-290-8719,F,3,1
572,Jeremiah,Woodcock,1986-10-22,57-998-9640,M,1,4
573,Mic,Buche,1995-06-19,85-801-3645,M,2,1
574,Lynn,Cockell,1980-06-10,17-036-0593,M,1,5
575,Lanette,Arzu,1999-11-19,71-438-1438,F,2,2
576,Darren,Vreede,1973-02-25,40-938-1863,M,1,3
577,Donovan,MacSorley,1984-01-26,46-008-6253,M,2,2
578,Jimmy,Ilyin,1991-06-30,67-645-6737,M,1,5
579,Sara,Mussington,1974-03-31,13-434-8331,F,3,5
580,Thibaut,Gonoude,1985-09-12,09-987-2889,M,1,4
581,Fina,McGerraghty,1995-05-22,28-151-6510,F,1,1
582,Zacharie,Yakunin,1981-04-27,60-052-1084,M,3,4
583,Simon,Hatt,1998-09-14,91-591-2432,M,1,1
584,Letta,Wermerling,1996-09-11,98-306-4822,F,1,3
585,Ronny,Cheeke,1990-07-30,54-492-1872,F,1,3
586,Nicky,Skepper,1982-06-17,59-697-4860,M,1,4
587,Peter,Lintot,1988-05-09,57-598-8682,M,3,1
588,Phillie,Roft,1996-01-21,15-594-4170,F,3,3
589,Reed,Sharply,1995-03-13,52-927-8149,M,3,1
590,Yetty,Chesley,1975-03-14,62-939-0467,F,1,3
591,Milo,Moniker,1982-02-05,24-786-2638,M,1,5
592,Prinz,Jeacop,1984-05-28,07-587-0135,M,1,4
593,Rana,Meni,1973-04-21,04-284-6374,F,2,4
594,Alisa,Hestrop,1972-04-18,04-541-7229,F,1,3
595,Wendeline,O'Dowd,1985-03-20,62-078-8917,F,3,4
596,Wiatt,Simmens,2000-10-04,90-029-8286,M,3,5
597,Albie,Hixson,1971-04-07,91-362-5634,M,2,3
598,Son,Pennock,1986-04-06,74-697-0132,M,1,3
599,Lacee,Vagg,1994-08-24,79-004-6007,F,2,5
600,Lindy,Sherrocks,1974-05-18,72-024-9221,F,3,1
601,Skylar,Rizzolo,1970-06-26,55-998-8707,M,2,1
602,Hieronymus,Sowersby,2000-10-20,59-041-4796,M,2,1
603,Bernardine,Overpool,1988-12-27,38-660-8729,F,3,2
604,Celisse,Hogben,1984-02-09,14-409-5418,F,1,5
605,Lois,Dix,1977-06-20,44-934-6510,F,2,2
606,Langsdon,Glusby,1972-10-26,70-653-8849,M,2,4
607,Tammi,Forestel,1992-06-14,12-086-2387,F,3,1
608,Locke,Grasha,1973-05-26,96-255-9941,M,2,4
609,Terrell,Wishart,1971-08-01,40-671-8295,M,1,1
610,Grata,Gebuhr,2000-01-27,05-875-3857,F,2,5
611,Susie,Brothwood,1988-09-13,11-631-4373,F,2,2
612,Gerardo,Wildey,1977-08-18,49-853-6197,M,3,4
613,Stafford,Blasing,1999-02-02,72-678-1128,M,2,5
614,Marijn,Swatheridge,1971-05-03,22-442-2053,M,1,5
615,Darla,Folder,1998-11-15,97-501-5435,F,2,5
616,Adeline,Corn,1974-11-25,63-835-2741,F,2,3
617,Arlyn,Chevolleau,1972-07-14,66-317-3376,F,3,5
618,Sylvester,Slowey,1994-11-03,01-919-8894,M,2,1
619,Shermie,Joyson,1993-04-17,72-527-2769,M,1,5
620,Torry,Ceney,1997-02-05,64-838-4680,M,3,4
621,Tobias,Giraudoux,1982-12-30,39-804-3580,M,3,3
622,Alvy,Musso,1977-11-16,61-359-9826,M,2,3
623,Carlye,Thames,1976-06-11,71-861-6237,F,3,3
624,Darrell,Fumagallo,2002-11-25,08-357-5513,M,3,5
625,Ezequiel,Drinkwater,1988-02-14,81-089-4239,M,3,1
626,Lanny,Philippsohn,1979-03-17,79-259-9506,F,1,2
627,Zacharia,Zanuciolii,1980-09-04,26-315-3815,M,2,3
628,Giraldo,Spurgeon,1997-12-04,72-152-5135,M,1,3
629,Carmelina,Badham,1978-09-05,10-040-3471,F,3,1
630,Malena,Sawdy,1979-09-29,15-028-6602,F,1,5
631,Gerry,Dulson,2000-04-07,38-804-1458,F,2,1
632,Leola,Foote,1982-07-02,27-223-8206,F,2,2
633,Oates,Petracco,1984-12-10,40-123-3741,M,1,5
634,Aron,Merryweather,1980-10-12,55-359-2760,M,2,4
635,Erl,Trace,1992-01-22,35-298-3330,M,2,4
636,Jesselyn,Gibbett,1981-07-06,45-573-3281,F,1,2
637,Mavra,Stoffers,1998-06-02,63-698-5896,F,3,3
638,Eolande,Cherrie,1996-04-22,48-881-6968,F,3,3
639,Loreen,Masarrat,1990-05-25,96-942-4093,F,3,3
640,Val,Greenwood,1987-11-01,02-498-9991,M,2,4
641,Maure,Dusting,1985-07-17,93-355-1878,F,1,3
642,Jordana,Brayson,1988-01-06,27-415-6890,F,1,3
643,Demetre,Vasilyevski,1976-02-03,64-586-9258,M,3,1
644,Ezequiel,Frearson,1982-11-15,54-360-4267,M,3,3
645,Holli,Makepeace,1991-04-13,39-125-0577,F,3,1
646,Mariette,Skelhorn,1981-01-16,91-053-0931,F,2,2
647,Damon,Gairdner,1980-05-25,16-343-3405,M,1,2
648,Hermina,McCurt,1996-02-12,65-349-3753,F,3,4
649,Amie,Bedrosian,1977-11-23,27-112-9524,F,3,2
650,Becky,Waggitt,1986-02-21,89-884-4799,F,3,4
651,Adaline,Wackly,1975-11-10,08-065-6572,F,3,3
652,Zorine,Cassella,1988-08-05,25-564-5941,F,2,3
653,Cobby,Battlestone,1992-03-09,11-668-6090,M,2,3
654,Zedekiah,Glazer,1995-09-13,55-784-5572,M,3,1
655,Issiah,Boost,1997-05-22,20-214-0985,M,3,1
656,Brook,Gapp,1992-04-25,46-927-4202,F,3,4
657,Price,Haskew,1988-04-05,16-059-5947,M,1,1
658,Kristofer,Persse,1980-07-13,82-612-7577,M,2,1
659,Leon,Normabell,1975-03-17,12-726-9514,M,3,2
660,Brewster,Masterman,1978-09-05,51-489-9686,M,1,4
661,Renate,Deehan,1978-10-25,70-174-3946,F,2,2
662,Lisha,Czyz,1995-10-05,71-958-6634,F,2,1
663,Bertie,Vennart,1970-04-05,56-529-7206,M,3,5
664,Manolo,Magrannell,1991-01-16,80-405-8587,M,1,2
665,Martina,Dow,1994-04-05,28-581-8677,F,3,3
666,Kerrill,Donwell,1975-12-08,95-584-6919,F,1,4
667,Joyan,Goldine,1977-09-19,58-276-4400,F,1,2
668,Zsazsa,Glison,1970-07-20,68-853-5250,F,1,5
669,Dulcinea,Lealle,1990-01-23,40-983-3234,F,2,3
670,Alard,Loalday,2000-05-29,49-245-1388,M,1,2
671,Culver,Goneau,1977-03-03,39-394-4918,M,1,1
672,Fidole,Mibourne,1995-03-02,47-913-1031,M,1,3
673,Sharl,Kingcott,2002-04-27,79-804-2659,F,1,3
674,Augustina,Mathouse,1981-08-08,39-337-4210,F,1,4
675,Bond,Larham,1983-01-06,42-192-2181,M,2,1
676,Townie,Lees,1988-08-07,95-127-8325,M,3,4
677,Romonda,Swalwell,1997-04-14,35-555-3889,F,1,2
678,Rosalynd,Averies,2001-03-14,27-399-7539,F,1,1
679,Ed,Caveney,1977-01-23,35-401-2204,M,3,5
680,Lenci,Overell,1974-09-21,50-824-8350,M,3,4
681,Alano,Chastagnier,1978-08-14,92-437-5972,M,1,1
682,Clarke,Hucker,1990-08-05,40-661-7272,M,2,2
683,Franciskus,Minero,1982-08-12,35-659-3262,M,1,3
684,Luisa,Meth,2002-01-27,07-969-3940,F,3,2
685,Tuck,Saurin,1998-11-07,68-108-3700,M,1,1
686,Keslie,Lohering,1986-09-08,63-413-3466,F,2,2
687,Nedda,Gowan,1974-10-15,49-020-7177,F,3,5
688,Cooper,Holwell,1990-12-01,01-113-3652,M,2,2
689,Jereme,Markel,1981-01-10,04-930-1903,M,1,2
690,Anny,Kantor,1979-07-09,72-227-4715,F,1,2
691,Ludwig,Okenfold,2000-08-02,04-875-9155,M,1,4
692,Audra,Winkworth,1987-03-16,26-026-5361,F,1,4
693,Janie,Dilley,1986-03-23,10-838-3264,F,2,1
694,Chanda,"St Pierre",1988-12-25,00-889-0081,F,1,2
695,Meredith,Still,1994-07-15,89-458-8708,M,2,4
696,Callean,Earland,1999-09-30,42-420-6887,M,3,5
697,Boycie,Argrave,1974-08-08,80-343-1731,M,3,4
698,Madelina,Miners,1991-07-25,94-417-9959,F,3,3
699,Chere,Copsey,1983-11-10,63-154-6391,F,2,4
700,Grethel,Pottes,1970-01-22,82-042-2999,F,1,3
701,Annalise,Fingleton,1973-02-12,96-416-0729,F,2,4
702,Davey,MacPike,1993-11-14,36-421-5066,M,3,1
703,Chance,Aberdein,1980-08-19,86-604-6061,M,3,3
704,Evered,Yorke,2001-05-27,75-439-3794,M,2,3
705,Guy,Swanson,1990-06-21,28-042-9339,M,1,5
706,Malissa,Plowman,1977-03-02,18-894-9969,F,3,5
707,Timothee,Stolte,1997-04-25,45-719-6278,M,1,4
708,Markos,Hartford,1971-02-02,91-385-3689,M,3,5
709,Tallulah,Cagan,2000-11-27,33-423-7808,F,3,2
710,Carrie,Malter,1989-06-23,59-422-9759,F,1,3
711,Tiertza,Hasnip,1972-01-28,36-578-1102,F,1,2
712,Torrie,Huck,1985-09-12,52-934-6385,F,2,3
713,Tye,Gierardi,1996-01-01,62-479-0035,M,3,4
714,Alejoa,Baskerville,1984-07-05,20-127-4818,M,3,3
715,Trever,Layhe,1996-06-02,22-394-7322,M,2,5
716,Iago,Fossett,1971-04-08,77-045-7244,M,2,2
717,Betti,Tockell,1988-04-03,06-021-3215,F,3,1
718,Charis,Clemens,1987-02-12,91-197-5117,F,2,2
719,Jacob,Cruickshank,1979-10-30,26-279-6340,M,2,4
720,Violante,Clemo,2000-05-30,26-535-8570,F,1,4
721,Patricia,Hurles,1979-12-02,28-876-9427,F,1,5
722,Rubia,McGeffen,1996-04-23,69-796-0996,F,1,4
723,Angeline,Kubala,1991-02-02,17-827-8352,F,1,2
724,Olga,Rimmington,1982-12-16,90-602-9748,F,1,3
725,Marchelle,Stringman,2002-09-23,39-065-3627,F,2,5
726,Ralina,Paulon,2000-07-30,80-592-2523,F,2,1
727,Bibi,Haig,1981-11-17,15-981-6155,F,3,3
728,Sheila,Cornels,1992-12-21,39-337-3764,F,2,1
729,Rachele,Kensy,1972-05-16,01-308-9173,F,2,2
730,Tabb,Louch,1978-06-03,07-218-7354,M,3,4
731,Mufinella,Yeliashev,1974-05-11,83-935-0703,F,2,3
732,Louise,Lodwig,1985-06-05,18-382-8255,F,3,5
733,Wallas,Lissandrini,1971-01-21,24-056-2867,M,3,3
734,Iago,Shields,1983-02-21,91-532-4842,M,1,2
735,Cam,Mycroft,1993-06-09,50-725-3604,F,3,1
736,Amandi,Glasper,2001-09-09,91-635-5442,F,3,4
737,Ellissa,Tomkowicz,1998-11-09,96-431-0022,F,2,2
738,Cloris,Tingly,2000-02-07,47-912-2616,F,2,5
739,Dmitri,Wethered,1988-02-14,17-487-9787,M,3,4
740,Chrissie,Yakovl,1997-02-15,63-930-7240,M,2,5
741,Maje,Headey,1978-08-31,00-963-4882,M,3,1
742,Janith,Willshere,1978-05-17,57-417-3963,F,2,2
743,Valentino,Larne,1995-02-20,40-654-6912,M,2,1
744,Eward,Stallion,2002-04-16,49-040-8382,M,1,2
745,Karalynn,Kintzel,2001-02-19,00-383-5593,F,1,2
746,Mel,Palke,1998-10-29,68-006-2871,F,2,4
747,Demetria,Poncet,1972-03-31,33-535-0678,F,2,4
748,Whitaker,Beeswing,1986-01-12,70-043-9614,M,2,2
749,Alec,Gilbank,1986-10-22,79-254-7831,M,1,2
750,Melicent,Overal,1980-07-04,94-971-6296,F,2,5
751,Fredia,Tourner,1999-02-12,62-365-3040,F,2,4
752,Morly,Severs,1997-12-25,17-972-5838,M,2,2
753,Chickie,Syder,2000-11-30,23-406-0020,M,1,2
754,Stafford,Gilgryst,1996-05-10,39-907-6740,M,2,2
755,Sherlock,Coneybeare,1972-03-13,95-538-1254,M,1,5
756,Delbert,Ionnidis,1979-03-09,02-549-9135,M,3,4
757,Shepherd,Allright,1992-06-04,54-139-8593,M,2,2
758,Hill,Jeffers,2002-10-29,16-542-2228,M,3,2
759,Morganica,Danby,1993-12-06,77-812-0729,F,1,1
760,Tucky,"De Morena",2002-03-06,46-810-3490,M,2,2
761,Vanna,Spere,2000-01-20,06-503-0221,F,1,3
762,Carlita,Stave,1986-09-15,31-302-4105,F,1,1
763,Vivianne,Spalding,1973-03-25,18-948-4073,F,3,1
764,Corby,Durrell,1992-05-20,91-728-3246,M,1,4
765,Sharl,Newland,1980-08-20,51-552-6495,F,3,3
766,Nathalie,Brislawn,1974-12-08,25-844-2147,F,2,2
767,Cherie,Petrosian,1992-11-26,18-227-2038,F,2,1
768,Siana,Bullocke,1997-10-28,89-182-1374,F,1,3
769,Dre,Avraham,1998-10-24,89-873-1971,F,1,2
770,Ignacio,Crooke,2002-02-03,46-405-2947,M,2,5
771,Antonio,Macken,1987-01-16,04-895-5863,M,1,1
772,Elena,Visco,1986-10-13,36-692-2718,F,2,5
773,Courtenay,Roach,1977-07-03,26-508-6399,F,1,5
774,Shaylynn,Airy,1998-09-29,71-273-7693,F,3,2
775,Modesta,Edson,1970-11-09,78-891-9200,F,1,2
776,Celie,Mattin,1977-04-28,77-432-7118,F,3,2
777,Giffer,Ewington,1977-03-24,27-864-1520,M,3,5
778,Minor,Wiffill,1985-09-21,26-901-3851,M,3,4
779,Reta,Batter,1989-01-05,91-611-2539,F,3,5
780,Bride,Prator,1987-05-04,30-457-4373,F,2,1
781,Ronnica,Seeley,1982-10-04,78-254-4417,F,2,2
782,Brooks,Cokly,2001-09-02,06-197-9554,F,2,2
783,Ericka,Gilphillan,1996-06-12,65-674-7039,F,3,2
784,Portia,Greg,1989-10-17,39-227-5690,F,2,2
785,Wilden,Baldin,2002-05-06,46-367-2714,M,1,3
786,Rock,Hansford,1991-11-03,39-052-0485,M,2,4
787,Britt,Vousden,1994-09-06,19-303-2365,M,1,4
788,Demetri,Sissot,1986-10-20,68-062-5029,M,2,1
789,Christie,Stidworthy,1989-08-03,07-458-7083,M,1,1
790,Xena,Dransfield,1981-09-30,56-912-5431,F,2,5
791,Winonah,Donnell,1987-02-15,53-266-4610,F,3,5
792,Alano,Catcheside,1991-04-25,53-958-6630,M,3,2
793,Lind,McAvin,1985-07-15,84-464-5901,M,1,4
794,Haroun,Ruller,1999-09-10,54-382-3571,M,3,3
795,Arlyne,Laity,1997-05-28,93-351-0138,F,1,1
796,Tabbitha,Barlie,2000-09-23,64-315-5095,F,1,4
797,Hildagard,Ternent,1994-06-18,92-744-4642,F,3,2
798,Karlie,Varvell,1976-04-27,67-086-3653,F,2,5
799,Claiborne,Gollop,1984-04-18,00-231-0337,M,3,3
800,Norby,Amerighi,1994-07-19,13-670-6239,M,3,1
801,Darda,Goble,1986-01-16,26-980-0617,F,2,2
802,Leland,Bagnold,1986-04-03,70-158-9031,M,2,1
803,Penrod,Birkbeck,1995-04-25,22-466-6686,M,3,1
804,Melany,Debell,1992-04-19,43-299-3701,F,3,5
805,Etty,Mallinder,1984-08-08,79-678-9499,F,1,4
806,Raye,Joreau,1975-05-22,92-399-0181,F,1,3
807,Emmey,Alderton,1976-10-07,85-957-4106,F,2,3
808,Omero,Meharg,1987-09-29,03-272-4260,M,2,4
809,Marve,Showt,1974-10-10,63-319-3823,M,3,3
810,Lars,Tomblings,1979-08-29,30-787-9370,M,1,5
811,Northrup,Heyns,1972-02-08,66-477-1659,M,1,4
812,Delphine,Laphorn,1986-04-02,22-830-9675,F,2,5
813,Jane,Battison,1984-10-17,47-768-3433,F,3,3
814,Dierdre,Pizey,1982-03-01,31-004-0223,F,2,4
815,Adelice,Kynaston,1970-12-25,26-327-5497,F,2,5
816,Nadine,Haine,1974-02-26,84-277-4323,F,1,1
817,Ragnar,Wield,1981-04-18,76-453-0162,M,3,2
818,Algernon,Kisar,1983-08-17,53-502-8533,M,3,5
819,Filberte,Winder,1997-06-19,32-117-2047,M,1,2
820,Derril,Wiffler,1975-07-13,57-883-5491,M,2,2
821,Horatius,Newnham,1992-09-17,44-508-6585,M,2,1
822,Pebrook,McDuffie,1981-02-23,15-874-7234,M,2,2
823,Gaelan,Assender,1982-10-31,31-423-2114,M,1,5
824,Gabriella,Broke,1991-11-21,40-222-9587,F,2,1
825,Brinna,Hummerston,1991-12-05,29-031-6295,F,3,4
826,Puff,Marklund,1977-10-28,93-337-3266,M,1,5
827,Harvey,Redgate,1971-09-10,01-897-9853,M,2,4
828,Giacomo,Pickersail,1988-12-07,60-823-2125,M,2,2
829,Vinny,MacGragh,1984-01-27,01-178-3360,F,2,5
830,Susy,Pinney,1999-06-12,89-431-2525,F,1,5
831,Nels,Fielder,1985-11-02,45-262-4362,M,3,1
832,Sapphira,Sinnie,1979-07-31,81-682-6449,F,3,3
833,Hannis,Gaisford,1988-09-05,68-567-4462,F,1,2
834,Olive,Oty,1991-02-05,09-290-9938,F,1,5
835,Guillema,Murname,2002-09-07,57-468-2912,F,3,2
836,Menard,Iacobetto,1980-02-15,21-918-2165,M,1,3
837,Anallese,Foyston,1978-08-31,45-071-9295,F,1,4
838,Meyer,Lodo,1983-06-05,40-009-8520,M,3,5
839,Spenser,Mattheus,1985-06-02,43-102-8626,M,1,1
840,Maribel,Dobell,1985-01-26,46-053-4006,F,3,1
841,Art,Gerber,1995-11-21,27-882-3217,M,1,5
842,Tamra,Keeffe,1992-03-12,35-301-6823,F,1,3
843,Zea,Rubi,1996-11-24,94-002-1968,F,3,5
844,Flore,"Van Castele",1978-08-28,38-438-2140,F,3,5
845,Gothart,Robe,2002-11-08,53-879-4214,M,3,2
846,Rodi,Hugonneau,1975-10-30,32-352-3108,F,3,4
847,Zelma,Eckly,1982-03-01,08-262-4776,F,2,4
848,Mychal,Philcox,1989-03-15,25-117-3143,M,3,5
849,Alexandro,Dumigan,1993-10-14,10-620-9152,M,1,1
850,Ronald,Portchmouth,1974-11-24,72-412-2912,M,3,4
851,Jodi,Michie,1984-10-02,91-043-4876,F,1,3
852,Dyanna,Ferriere,1999-07-16,26-777-1826,F,3,1
853,Berta,Valerio,1980-08-17,05-987-9688,F,1,3
854,Mikol,Cleator,1974-04-09,12-231-9175,M,2,4
855,Dewain,Neenan,1987-08-01,53-986-0336,M,3,2
856,Karen,Green,1987-02-13,37-241-2514,F,1,1
857,Forbes,Hearthfield,2002-04-18,92-113-0688,M,3,2
858,Byrom,Hills,1973-07-28,56-404-6745,M,2,5
859,Farlay,Bancroft,1976-09-18,85-800-1877,M,3,4
860,Ogdan,Seymark,1979-10-04,08-395-1444,M,2,1
861,Lilian,Giraldon,1979-03-13,32-732-3842,F,2,3
862,Petrina,"De Bruyn",1981-09-20,67-587-1329,F,2,4
863,Milzie,Lamswood,1991-02-23,53-117-6101,F,3,2
864,Traver,Isacoff,1985-09-09,02-549-7532,M,1,3
865,Garey,Abercromby,2001-02-19,96-473-5394,M,2,3
866,Davide,Martine,1979-11-30,37-944-8079,M,3,2
867,Wyn,Godar,1994-08-18,32-117-2267,M,3,4
868,Pen,Warr,2002-04-22,79-908-0754,M,3,1
869,Gearalt,Pinxton,1997-09-07,44-515-1323,M,3,4
870,Adrian,Attow,1991-06-14,33-484-7363,F,1,5
871,Nadean,Stallebrass,1980-09-15,46-405-8949,F,2,3
872,Tucker,Astill,1983-06-30,58-320-0382,M,3,3
873,Tabitha,Verdie,1991-08-28,38-199-5493,F,3,1
874,Elissa,Shama,1994-01-18,87-679-9587,F,3,2
875,Louisette,Knottley,1997-08-01,59-946-4074,F,2,4
876,Fairfax,Merry,2002-05-04,65-924-4682,M,1,4
877,Nigel,Vannar,1980-02-25,86-518-6588,M,1,1
878,Pris,Evert,1988-05-20,10-577-8586,F,3,2
879,Kristen,Menaul,1988-05-01,82-464-2025,F,1,1
880,Melisenda,Amiranda,1973-11-26,00-245-9933,F,3,5
881,Randal,Janton,1995-01-18,75-137-4609,M,1,2
882,Gabe,Pamment,1994-09-06,11-769-0610,M,3,4
883,Nanni,Middlemist,2002-10-13,70-396-1805,F,3,5
884,Lissy,Tschiersch,1996-08-09,27-684-3981,F,1,4
885,Nathanial,Vinten,1989-12-09,45-806-1989,M,2,3
886,Hogan,Corcoran,1976-05-17,94-134-8126,M,1,4
887,Sutherland,Yarrall,1999-07-05,58-949-0029,M,3,4
888,Madelon,Seagrave,1970-02-25,80-200-4361,F,2,3
889,Worth,Currell,1981-06-24,88-362-8169,M,3,5
890,Irwinn,Gerrard,1977-06-11,68-545-7486,M,3,1
891,Pablo,Lyfield,2002-01-04,48-849-2640,M,3,2
892,Sidonia,Warmisham,1989-09-02,37-869-7802,F,2,1
893,Putnem,Gadeaux,1997-09-22,28-327-1356,M,1,5
894,Hetti,Roper,1978-06-28,29-299-5354,F,2,5
895,Mackenzie,Pingstone,1995-09-03,74-644-3605,M,2,4
896,Forbes,Baise,1984-07-23,51-083-2940,M,1,1
897,Eilis,Breeds,1985-11-07,67-527-5067,F,2,1
898,Romola,Ovill,2002-07-22,34-352-4735,F,3,3
899,Rodge,Asey,1990-06-09,87-702-6050,M,2,5
900,Rowland,Pactat,1975-07-18,12-438-0872,M,2,3
901,Evangelia,Newlin,1988-05-24,05-225-3923,F,1,3
902,Kort,Gottschalk,1981-01-28,56-655-8807,M,3,2
903,Claretta,Ivimy,1998-08-06,57-396-6608,F,3,1
904,Amalita,Gresswell,1975-07-07,93-356-5897,F,1,2
905,Georgette,Callum,1971-12-22,91-871-7877,F,3,1
906,Xymenes,Bleasby,1981-01-17,08-805-7823,M,1,5
907,Abagael,Devanney,1985-04-07,11-256-5660,F,1,2
908,Kingsley,Keddy,1998-03-02,91-794-9322,M,1,1
909,Odelinda,Didball,1981-08-27,35-904-5885,F,3,1
910,Moshe,Champ,1991-10-17,17-885-7265,M,3,2
911,Salim,Liver,1970-07-13,92-407-7403,M,3,3
912,Glenden,Fedorchenko,1978-12-24,96-607-0711,M,1,5
913,Garvey,Blagden,1981-08-04,56-052-1577,M,3,4
914,Gustave,Martinets,1998-03-01,73-159-9377,M,3,1
915,Shelley,Lascell,1991-04-03,03-529-4738,M,3,4
916,Ingrid,Heaphy,1987-03-28,30-028-5350,F,2,4
917,Winn,Rubra,1975-12-16,23-786-4999,M,2,5
918,Dill,Broadbury,1978-02-10,63-255-2158,M,3,2
919,Carmelle,Dewis,2001-08-13,98-343-3256,F,3,2
920,Jada,Bundey,2002-08-18,65-092-9968,F,2,5
921,Michail,Barhims,1970-11-04,29-511-9734,M,2,3
922,Carie,Sturdgess,1994-03-11,56-155-0544,F,2,3
923,Web,Glassard,1989-07-31,69-594-1800,M,2,4
924,Eadie,Syme,1984-10-08,82-599-2646,F,1,1
925,Helenelizabeth,Beel,2000-01-08,06-591-4983,F,3,5
926,Shir,"Di Carlo",1997-04-17,27-719-3462,F,3,1
927,Delora,Surgison,1972-07-16,77-634-9917,F,1,4
928,Nancy,Broomhall,1995-09-17,54-750-0920,F,1,3
929,Lori,Spelsbury,1995-08-15,41-353-6318,F,2,1
930,Quinton,Bunson,1970-06-08,88-299-3996,M,3,5
931,Madelina,Merkle,1977-01-10,29-359-8774,F,3,5
932,Rupert,Chancelier,1977-08-20,17-551-9953,M,1,3
933,Irina,Walak,1987-02-18,87-731-7010,F,2,3
934,Galvin,Dinsell,1971-11-20,40-078-4790,M,3,3
935,Kathryne,Flavelle,1996-02-15,80-588-1019,F,3,2
936,Corinne,Mintoft,1974-09-01,56-177-1648,F,1,2
937,Randi,Brookwood,1983-05-11,17-642-0280,M,1,2
938,Rossy,Boate,1978-07-27,47-211-6427,M,1,4
939,Lianne,Cosker,1990-03-27,00-373-9470,F,1,5
940,Daune,Ellesmere,1992-07-03,47-539-4089,F,1,2
941,Kyle,Flattman,1998-05-27,59-661-3595,M,3,5
942,Leela,Behnke,1985-06-17,48-560-3549,F,1,4
943,Dalila,Willisch,1989-03-18,07-046-9447,F,1,4
944,Veronique,Brittain,1970-04-05,34-687-1924,F,2,3
945,Nolie,Rutty,1992-09-24,43-197-8077,F,2,1
946,Irma,Chilver,1976-10-11,84-931-0861,F,2,2
947,Siegfried,Sicha,2001-01-08,76-049-3825,M,2,1
948,Robbie,Leguey,1984-03-11,83-887-0628,F,1,5
949,Joni,Shynn,1985-07-24,35-939-1605,F,2,2
950,Levi,Maggi,1978-06-15,26-286-3556,M,3,1
951,Alwyn,Kunc,1980-01-10,33-862-8569,M,3,3
952,Paulita,Shelmerdine,1970-11-11,13-333-6076,F,1,3
953,Giulia,Hackford,1971-01-22,19-560-0825,F,2,4
954,Artemas,Jedrzej,1986-06-02,06-188-8333,M,3,2
955,Rock,McCorkindale,1974-08-11,26-008-2292,M,1,4
956,Evangelina,Cristofori,1999-04-12,91-604-9980,F,1,4
957,Sheffy,Germon,1988-06-02,68-033-7257,M,3,3
958,Adele,Adamski,1995-08-03,59-957-6043,F,1,3
959,Rasla,Cherrison,1995-07-27,67-994-6862,F,1,2
960,Paxton,Spaughton,2002-12-27,63-624-7884,M,3,5
961,Sinclair,Delea,1979-11-04,75-545-9558,M,2,4
962,Rickard,McVie,1983-04-08,89-213-8824,M,2,4
963,Sam,Kuban,1986-09-27,90-918-1276,F,3,2
964,Maren,Ludovico,1974-08-02,92-608-7424,F,3,3
965,Chiquia,Trivett,1979-06-30,85-993-8643,F,2,1
966,Stanford,Welldrake,1995-02-19,66-079-5676,M,2,4
967,Roobbie,Hebbron,1974-01-02,26-730-0664,F,2,1
968,Alleen,Mathers,1994-02-27,50-550-2983,F,3,4
969,Melli,Bront,1997-04-23,06-349-0283,F,2,1
970,Lilias,Muck,2001-12-27,53-037-9000,F,2,5
971,Rowney,Elfitt,1978-11-30,63-304-0524,M,2,2
972,Halsey,Hall-Gough,1976-09-06,91-389-9781,M,2,3
973,Ivy,McGillecole,2001-06-10,31-974-2486,F,2,4
974,Ario,O'Hoey,2002-07-29,10-851-7752,M,3,4
975,Irv,Jerosch,1994-08-27,93-900-3729,M,3,4
976,Jacques,Elletson,1985-08-01,85-085-9809,M,2,2
977,Ashlie,Grewar,1995-02-05,90-923-2827,F,3,3
978,Maurine,Decker,2002-04-06,45-975-2726,F,3,4
979,Lancelot,Westnedge,1996-09-12,38-893-1738,M,2,5
980,Rosalia,Ions,1971-02-24,92-207-2829,F,3,3
981,Birgitta,Byrcher,1988-09-13,32-422-6927,F,3,4
982,Marcelo,Slaten,1974-04-30,50-526-7466,M,1,4
983,Dominga,Maccari,1982-04-30,58-818-6976,F,1,2
984,Dane,Unwin,1971-12-22,63-977-0113,M,2,4
985,Loise,Simonazzi,2000-03-07,37-488-9181,F,3,5
986,Jaime,Fould,1983-02-21,50-447-6303,F,3,4
987,Urbanus,MacKey,2000-03-14,99-964-3880,M,2,4
988,Ashley,Stritton,1972-07-10,79-869-6259,M,3,3
989,Wilton,Sudworth,1998-03-02,43-976-0452,M,3,2
990,Bernadine,Pandya,1970-08-22,67-754-2504,F,1,1
991,Vincents,Lansbury,1974-03-11,13-172-5225,M,1,1
992,Maddie,Dales,1970-07-05,90-317-6124,F,2,3
993,Nonie,Dobing,1998-11-21,78-682-6090,F,3,3
994,Annora,Pidgley,1974-01-07,19-230-3532,F,2,2
995,Borg,Halwill,1988-10-06,61-556-6817,M,3,1
996,Gray,Wannan,1971-08-26,59-320-3910,M,2,4
997,Caryl,McDyer,1972-01-20,81-941-0622,M,3,4
998,Rolando,Figure,1971-04-29,55-098-3246,M,2,3
999,Gene,Coplestone,2002-04-26,74-998-1931,F,3,5
1000,Deb,Stanborough,1976-04-04,47-642-2967,F,2,5
