id_grado,fecha,papa,grado_honor,cantidad_semestres,id_modalidad_grado,id_egresado,id_profesor_tutor,id_linea_trabajo,id_carrera
1,2013-10-07,3.5,0,17,2,131,231,1,9
2,2010-04-22,3.1,1,8,1,549,174,1,2
3,2010-11-28,3.6,1,11,1,883,149,3,8
4,2021-09-27,3.5,1,11,3,624,244,6,2
5,2010-09-05,3.2,1,19,2,247,72,3,3
6,2008-07-13,3,0,11,1,928,187,2,6
7,1995-01-19,3.3,0,12,3,533,9,2,4
8,2023-04-21,3.6,1,15,2,395,54,2,3
9,1986-12-28,3.4,1,15,2,107,22,2,7
10,1990-07-27,3,1,13,2,924,163,4,3
11,2002-06-04,3.9,0,8,3,366,209,1,2
12,1999-09-11,3.1,0,9,2,273,233,1,8
13,1988-11-06,3.1,0,9,1,230,182,6,3
14,2021-07-19,3.6,1,14,3,570,99,5,1
15,2009-12-06,3.3,1,18,1,178,133,6,5
16,2012-03-05,3.2,0,10,3,455,53,4,5
17,2021-01-27,3.3,1,8,1,135,54,6,8
18,2019-01-20,3.2,1,10,3,582,73,3,9
19,1998-12-02,3.8,0,13,2,727,182,1,3
20,2019-11-23,4,1,15,1,901,243,1,4
21,2009-09-17,3.8,1,14,3,682,42,3,7
22,1987-12-13,3.9,1,14,1,844,43,2,3
23,1990-04-28,3.9,0,19,3,56,171,3,4
24,2010-07-02,3.5,1,8,3,293,72,1,5
25,1986-03-29,3.7,0,16,1,986,74,2,4
26,1998-04-03,3.9,0,15,3,833,95,4,3
27,2001-03-27,3.9,0,17,1,558,107,2,4
28,2012-11-27,3.7,1,18,3,802,218,6,4
29,2014-02-20,3.2,1,13,3,92,167,1,4
30,1986-09-04,3.1,0,12,1,302,47,4,8
31,2007-01-30,3.7,1,18,3,97,27,3,3
32,2013-09-08,3.5,1,17,2,946,140,4,6
33,2011-11-09,3,1,20,1,781,2,3,5
34,1992-05-24,4,1,8,2,145,124,2,1
35,1989-03-20,3.6,1,14,3,442,229,3,9
36,1997-05-28,3.4,0,19,3,62,65,2,1
37,2022-11-03,3.4,0,14,3,239,127,6,4
38,2013-08-20,3.4,0,11,3,613,215,5,5
39,2002-08-26,3.8,0,11,3,274,120,1,5
40,2002-04-11,4,1,14,3,745,239,2,8
41,2020-06-15,3.8,0,8,2,932,176,3,3
42,2008-03-01,3.7,0,19,3,184,41,1,2
43,1988-10-13,3.7,1,11,2,163,171,3,6
44,2021-05-15,3.4,1,19,1,219,125,2,5
45,2005-09-29,3.4,1,16,2,495,157,3,3
46,1994-05-26,3.8,0,11,3,973,65,5,5
47,2001-09-01,3.9,1,16,3,255,62,2,9
48,2001-05-06,4,0,17,2,194,92,5,2
49,2015-08-21,3.4,1,16,3,922,125,1,5
50,1997-10-04,3.4,1,10,2,271,152,1,5
51,1996-11-30,3.7,1,14,1,566,106,2,3
52,1986-12-13,3.5,1,11,3,268,163,3,3
53,1989-05-10,3.5,0,15,2,303,46,6,3
54,2015-08-12,3.4,1,15,1,699,141,6,4
55,2004-05-18,3.2,1,14,3,609,178,5,9
56,1987-06-27,3.4,1,16,1,655,139,2,1
57,2003-07-12,3.7,0,19,2,101,120,5,8
58,1985-07-04,3.9,0,10,3,270,43,1,6
59,2016-06-28,3.2,1,16,2,627,121,3,6
60,1990-03-31,3.2,0,13,2,470,235,2,7
61,1992-11-24,3.3,0,12,3,828,196,2,1
62,2018-01-10,3.7,0,20,3,767,214,2,6
63,2010-01-22,3.3,1,12,1,775,165,2,7
64,1987-01-12,3.5,1,17,2,571,55,1,1
65,2020-12-12,3.4,0,14,3,946,75,4,6
66,1999-02-16,4,0,10,3,415,139,2,9
67,2015-07-29,3.8,0,20,2,39,150,4,9
68,2008-01-10,3.1,1,15,1,460,246,3,8
69,1996-06-13,3.5,0,18,2,812,49,1,1
70,1989-03-27,4,1,12,3,939,130,5,2
71,2011-11-08,3.8,1,9,1,635,117,2,2
72,1999-12-10,3.6,1,13,2,386,79,3,1
73,1995-04-18,3.3,0,16,1,108,118,6,3
74,2015-01-16,3.4,1,16,1,395,65,6,8
75,1995-08-31,3.7,0,12,2,876,197,3,6
76,2008-08-07,3.7,1,18,2,833,133,5,7
77,2001-06-30,3.4,1,16,2,64,130,3,1
78,1986-04-01,3,1,18,2,949,150,3,2
79,2014-12-20,3.8,0,14,1,317,22,4,2
80,1994-11-28,3.6,0,17,1,826,160,3,3
81,2001-06-21,4,0,14,3,445,139,6,4
82,2009-12-06,3.1,1,8,1,470,91,6,1
83,2008-02-12,3.7,1,17,1,984,208,5,9
84,2021-02-01,3.1,0,17,3,976,205,4,3
85,2020-04-27,3.5,0,15,3,675,12,5,3
86,1989-06-15,3,0,9,1,414,215,5,4
87,2019-07-16,3,1,9,1,861,75,1,4
88,2010-05-28,3.4,0,18,3,429,1,1,4
89,1988-10-04,3.8,1,11,1,622,127,2,8
90,2013-03-30,3.4,0,17,2,831,77,2,4
91,2011-04-19,3.3,1,10,1,917,135,4,7
92,2015-05-31,3,1,8,3,177,241,1,7
93,2023-11-18,3.6,0,18,3,19,74,3,1
94,2010-03-27,3.5,0,20,3,832,12,4,5
95,1990-02-17,3.4,1,15,3,360,141,6,3
96,1999-02-04,3.9,0,9,2,985,27,2,5
97,1989-02-19,3.2,0,15,3,649,128,3,9
98,2000-01-09,3,1,10,2,785,53,6,2
99,2006-01-27,3.9,1,18,1,963,236,4,1
100,2001-02-08,3.6,0,20,1,12,216,4,1
101,2003-08-17,3.4,1,13,3,122,186,4,7
102,2008-02-27,3.6,0,8,1,165,176,3,6
103,1986-07-22,3.6,0,20,2,527,246,5,4
104,1995-06-25,3.2,0,12,1,730,228,3,4
105,2003-08-19,3,1,13,3,441,7,6,9
106,1987-03-12,4,1,18,1,773,164,6,3
107,2020-08-27,3.7,0,13,3,399,87,2,4
108,2019-01-18,3.9,1,20,3,726,64,2,4
109,2013-03-25,3.3,1,20,1,253,50,3,8
110,1996-03-06,3.1,1,15,3,347,95,2,1
111,2016-08-23,3.5,1,9,2,417,93,1,4
112,2013-12-17,3.3,0,19,1,395,28,3,2
113,2015-04-24,3.2,1,9,1,909,167,5,1
114,2007-01-07,3.2,0,20,1,11,240,1,3
115,2005-02-12,3.4,1,10,2,259,13,6,6
116,2017-05-26,3.8,1,17,2,818,93,2,9
117,2009-06-30,3.1,1,8,3,547,233,2,4
118,1990-10-11,3.8,0,12,3,826,223,6,5
119,1988-09-11,3.8,0,20,3,887,241,1,4
120,2012-09-29,3.4,0,8,3,134,80,2,5
121,2021-10-15,3.3,1,13,1,847,219,1,1
122,1989-08-30,3.8,1,16,2,576,127,1,2
123,1995-11-08,3.4,1,15,2,918,187,3,3
124,1989-07-14,3.4,0,13,2,251,2,2,9
125,2015-10-23,4,1,9,1,700,215,5,7
126,1987-04-21,3.9,1,10,2,227,123,1,8
127,2017-12-18,3.5,0,15,1,442,63,6,2
128,1999-08-05,3.7,0,15,3,357,197,5,4
129,1994-11-20,3.1,1,10,1,847,106,6,7
130,1995-10-13,3.6,0,8,2,176,56,1,8
131,2005-03-30,3.3,0,14,2,176,166,1,7
132,1995-04-08,3.5,1,17,2,516,55,3,1
133,1985-02-13,3.7,0,14,1,396,18,2,8
134,1987-11-17,3.9,1,13,2,365,178,6,9
135,2018-08-02,3.1,1,14,2,660,102,3,4
136,2006-06-22,3.7,0,12,2,556,250,1,8
137,2012-12-02,3.9,1,19,2,556,1,1,9
138,2017-05-27,3.7,1,8,1,708,60,1,8
139,1994-03-02,3.9,1,16,1,868,9,4,6
140,2014-09-02,3.9,1,15,3,711,192,2,6
141,1998-09-11,3.8,1,16,3,626,106,4,9
142,2023-07-08,3.9,1,18,3,762,58,3,8
143,2018-06-24,3.6,1,8,1,512,164,4,9
144,1989-09-14,3.4,0,15,2,207,71,2,1
145,1990-08-06,3.4,1,12,2,765,134,2,4
146,1987-02-04,3.7,1,17,1,685,71,5,4
147,1990-01-31,3.4,1,17,3,317,132,5,2
148,1999-06-01,3.1,0,11,1,776,43,2,6
149,1997-10-20,3.8,0,14,1,728,118,5,4
150,2013-01-22,3.4,1,18,1,689,6,1,5
151,1994-03-28,3.7,0,15,2,880,121,5,9
152,2019-12-03,3.3,0,16,2,832,54,5,4
153,2019-08-28,3.2,0,15,2,35,142,3,9
154,1985-01-21,3.3,0,12,2,889,218,6,2
155,2005-02-10,3.3,0,13,1,860,152,2,8
156,2001-05-11,3.3,1,11,3,549,54,2,6
157,1990-10-26,3.5,1,8,3,20,4,3,6
158,2022-05-16,3.5,0,18,2,430,94,1,4
159,2004-09-26,3.2,0,14,2,329,36,1,3
160,1999-11-16,3.9,1,17,3,957,141,1,1
161,1993-05-11,3.1,0,10,2,479,97,1,6
162,2020-07-23,3.6,1,12,2,856,42,6,7
163,2003-12-03,3,0,13,2,104,33,3,9
164,1995-02-25,3.9,0,20,2,415,179,1,5
165,1999-02-06,3.5,0,18,3,418,174,6,8
166,2009-03-11,3.5,1,14,2,48,230,1,8
167,1985-07-10,3.7,1,18,2,812,179,4,1
168,2021-12-04,3.6,1,17,2,794,227,6,8
169,2018-02-15,3.2,0,16,3,319,126,1,8
170,1992-08-08,3.6,0,11,1,674,18,4,6
171,2009-07-29,3.5,0,20,2,740,158,2,1
172,2002-03-31,3.9,1,8,1,620,230,1,3
173,2014-09-17,3.6,0,13,3,745,50,6,7
174,2023-08-11,3.8,1,16,1,275,223,3,1
175,2009-11-10,3.6,1,19,3,685,19,2,2
176,1986-06-02,3.1,1,11,3,855,79,4,3
177,1987-03-17,3.5,0,14,1,996,130,6,9
178,1992-06-02,3.3,1,11,2,349,160,3,4
179,2005-01-28,3.8,1,12,3,439,32,1,2
180,2005-08-19,3.9,0,17,3,444,197,6,5
181,2010-12-03,3.6,0,13,3,624,227,4,9
182,2021-01-10,3.7,0,15,2,994,180,5,3
183,2013-07-27,3.2,1,15,3,75,181,5,4
184,1993-03-28,3.4,0,16,2,38,158,3,8
185,1985-12-20,3.2,0,16,1,653,187,5,2
186,2007-12-11,3.6,1,10,2,67,117,5,8
187,2007-01-10,3.8,0,17,1,199,195,3,3
188,2001-11-24,3.4,1,17,2,127,190,2,1
189,1992-02-05,3.3,0,16,3,85,244,4,9
190,2002-12-31,3.3,0,16,1,597,232,1,7
191,1993-08-01,3.5,0,11,3,551,100,1,7
192,1989-12-08,4,1,15,2,101,174,4,3
193,1998-11-02,4,0,19,3,858,43,5,2
194,1997-07-14,3.3,0,19,1,586,231,4,1
195,1996-12-19,3.1,0,18,2,963,246,1,3
196,2023-08-22,3.1,1,10,2,617,240,1,3
197,1998-11-06,3.2,0,17,2,547,211,6,9
198,1985-05-21,3.1,0,16,1,108,173,1,6
199,1987-05-09,3.5,1,12,2,757,140,6,5
200,1988-07-28,3,0,9,2,684,240,5,2
201,2017-08-07,3.4,1,15,3,212,178,4,7
202,2002-11-08,3.5,1,11,2,634,108,3,1
203,2011-06-24,3.2,1,12,3,617,15,1,5
204,2010-02-19,3.4,1,12,1,624,30,3,9
205,2018-01-03,3.2,1,12,1,933,53,1,8
206,2014-09-04,3.4,1,8,1,26,81,3,7
207,2019-07-03,3.3,0,16,1,763,99,2,4
208,2001-06-17,3.5,0,10,3,779,8,6,2
209,1987-09-17,3.4,1,8,2,548,43,4,1
210,1988-09-05,3.6,1,19,3,201,27,2,8
211,1986-01-19,3.9,1,15,2,571,210,4,1
212,1989-06-13,3.2,1,18,3,127,119,5,5
213,2020-09-22,3.3,0,9,1,301,127,3,3
214,2017-04-01,3.6,0,17,1,979,78,1,1
215,2023-09-12,3.8,0,19,3,581,12,1,7
216,2005-04-18,3.7,1,20,1,315,245,2,7
217,2010-07-04,3.3,1,12,1,875,105,6,4
218,2007-08-19,3.2,1,16,3,734,174,2,7
219,2009-10-10,3,1,14,1,418,155,2,3
220,2019-07-11,3.2,0,19,3,900,136,2,4
221,2001-06-23,3.1,1,15,2,56,131,1,2
222,2000-07-31,3.8,0,14,3,632,32,3,8
223,1993-11-30,3.4,1,13,2,777,212,5,9
224,2016-09-19,3.2,0,9,3,141,173,5,5
225,2008-07-13,3.5,0,8,2,93,237,5,9
226,1998-02-20,3.4,1,17,2,915,128,3,5
227,2007-03-30,3.6,0,19,1,256,108,5,7
228,1985-08-15,3.7,0,17,2,340,51,2,1
229,1993-03-03,3.2,1,18,1,814,17,1,7
230,1996-06-21,3.9,0,18,2,957,194,3,7
231,1999-12-13,4,0,18,2,747,158,6,9
232,1988-04-08,3.8,1,18,3,657,192,1,3
233,2014-09-02,3.8,1,12,3,153,7,5,3
234,2012-09-03,3,1,19,1,481,42,3,9
235,1996-06-15,3.6,0,16,3,776,197,5,2
236,1990-09-07,3.2,0,16,2,826,4,3,8
237,2023-10-10,3.1,1,18,2,843,30,5,8
238,1994-05-20,3.2,0,12,3,481,57,2,1
239,2000-12-21,4,1,17,3,872,246,1,4
240,2001-10-31,3.6,0,18,2,241,217,5,4
241,2011-03-09,3.9,1,11,1,123,133,2,7
242,2011-08-29,3.5,0,12,2,658,76,4,3
243,2023-10-26,3.5,1,12,3,795,215,4,6
244,2021-03-03,3.5,0,19,2,478,228,5,2
245,2002-08-13,3.6,0,13,2,231,218,5,6
246,2012-07-12,3.8,1,12,1,505,129,2,4
247,1988-09-23,3.7,0,14,1,97,7,4,3
248,2001-03-19,3.2,0,8,1,880,204,1,2
249,2004-06-05,3.1,1,10,3,692,57,2,6
250,2022-08-11,3.9,0,17,1,128,175,4,6
251,2015-05-29,3.7,1,19,1,847,22,5,1
252,1994-03-19,3.8,1,18,2,240,167,6,8
253,2003-08-23,4,1,20,1,628,197,1,2
254,1999-10-24,3.1,1,14,2,713,160,3,8
255,2006-01-26,3.8,0,19,3,871,228,6,2
256,1987-03-08,3.4,1,16,3,178,235,5,2
257,2022-08-16,3.5,0,12,1,783,38,3,7
258,2002-03-04,3.6,0,17,3,91,160,4,8
259,1995-09-24,3.6,0,17,1,379,247,3,2
260,1992-08-23,3.4,0,15,3,990,26,6,6
261,2022-11-03,3.8,1,15,2,829,245,3,9
262,2019-06-08,3.7,1,12,2,718,138,3,5
263,2019-07-09,3.9,1,9,1,962,123,1,8
264,2008-06-20,3.5,0,10,3,424,218,4,5
265,1998-06-18,3.8,0,9,3,160,237,3,6
266,2007-12-19,3.5,1,17,2,198,90,5,3
267,2017-04-28,3.2,0,13,3,342,69,5,7
268,2002-08-13,3.6,0,12,2,388,147,6,8
269,2020-01-07,3.3,0,19,3,319,64,3,3
270,1994-09-25,3.9,0,19,2,893,78,1,8
271,2011-08-18,3.9,0,11,2,120,166,2,9
272,1993-02-04,3.9,1,17,1,528,7,6,6
273,1987-05-05,3.6,1,9,3,941,35,4,5
274,2014-03-27,3.3,0,15,1,843,219,5,5
275,2009-09-10,3.2,1,12,3,292,198,3,1
276,1992-07-03,3.5,0,9,1,364,112,5,7
277,2005-04-04,3.9,1,14,1,789,27,3,4
278,2019-02-12,3.6,1,11,3,429,208,1,3
279,2003-08-12,3.7,1,19,2,882,242,5,5
280,1994-04-25,3.9,1,8,2,850,59,5,8
281,1993-07-01,3,1,18,2,199,107,3,5
282,2023-09-23,3.9,0,20,1,806,158,1,3
283,2018-11-20,3.5,0,14,3,976,183,6,4
284,1993-12-02,3.1,1,15,2,588,30,1,2
285,1990-07-15,4,1,16,3,106,86,3,5
286,1989-07-21,3.4,0,17,3,269,234,3,8
287,1990-12-17,3.8,0,8,2,812,142,2,3
288,2013-12-09,3.6,0,19,3,196,163,6,2
289,1988-05-06,3.8,0,18,3,584,151,1,9
290,1999-10-31,3.1,0,18,2,760,154,5,5
291,1991-02-08,3.9,0,12,2,493,51,3,3
292,2014-10-10,3.5,1,20,1,32,113,5,8
293,1990-05-17,4,0,13,1,923,64,3,6
294,2023-04-05,4,1,11,1,473,117,4,7
295,1999-11-13,3.1,0,10,2,315,160,1,5
296,2003-11-20,3.8,0,9,3,993,95,5,7
297,2006-08-21,3.4,0,12,2,728,119,5,9
298,1997-02-05,3.4,1,11,3,904,14,3,7
299,1989-07-26,3.9,0,18,2,776,62,5,9
300,1989-02-06,3.2,0,15,1,104,213,6,8
301,2005-02-03,3.4,0,9,1,906,212,2,8
302,1997-09-04,3.6,0,17,3,163,68,2,6
303,1996-07-29,3.2,1,8,2,880,126,4,3
304,2001-02-04,3.2,1,16,1,862,13,2,2
305,2006-08-06,3.6,1,14,2,438,134,6,6
306,2005-06-19,3.3,0,8,1,152,239,6,9
307,2015-12-18,3.6,1,8,1,327,88,1,6
308,1999-04-06,3.4,1,18,2,38,1,3,1
309,1995-06-17,3.6,1,11,2,414,216,6,7
310,2013-08-20,3.3,0,8,1,912,186,6,8
311,2018-04-01,3.1,1,14,2,923,137,3,3
312,2021-12-29,4,1,11,3,340,33,1,8
313,2017-11-09,3.8,1,14,1,217,220,2,6
314,2013-01-19,4,1,17,2,215,205,6,4
315,2015-01-19,3.4,1,14,3,494,172,3,9
316,2005-06-07,3.3,1,17,2,406,128,1,5
317,2006-04-28,4,0,11,2,1,183,6,4
318,1998-06-30,3.6,1,18,1,431,229,3,8
319,2022-07-18,3,1,11,2,53,156,4,6
320,2011-12-18,3.1,1,18,1,403,250,2,3
321,1985-06-10,4,0,13,1,124,12,1,2
322,2010-02-25,3.9,0,10,1,757,197,4,9
323,1990-06-30,3.7,1,15,1,625,78,1,7
324,1999-06-29,3.2,0,19,1,947,182,2,5
325,2019-04-06,3.1,0,14,1,550,120,4,1
326,2000-12-14,3.4,0,15,3,958,126,3,1
327,2001-03-06,3.5,1,8,2,95,249,6,7
328,2010-10-30,3.6,0,12,1,629,159,1,7
329,2023-07-10,3.1,0,18,1,832,157,3,6
330,2001-05-26,3,1,20,3,302,84,4,2
331,2023-08-26,3.3,0,11,2,992,19,4,5
332,1991-11-17,3.2,0,14,2,320,164,1,6
333,2001-12-01,4,1,9,1,456,131,6,3
334,2005-01-10,3.6,0,9,1,31,177,2,8
335,2003-03-23,3.1,0,19,3,699,184,3,9
336,2002-02-26,3.3,1,10,3,476,106,3,9
337,1994-11-20,3.5,0,12,1,690,74,4,5
338,2018-12-15,3.2,1,18,1,972,229,2,8
339,2017-11-08,3.5,0,8,2,420,142,2,4
340,2016-06-30,3.2,1,14,2,719,21,4,4
341,1998-08-06,3.1,1,15,1,285,118,3,4
342,2021-07-18,3.1,0,11,1,735,91,3,8
343,1986-06-01,3.3,0,16,3,472,81,5,4
344,2008-03-13,3.5,1,10,3,868,125,4,9
345,1990-02-26,3.4,1,16,1,895,164,5,1
346,1989-11-08,3.1,1,16,2,105,207,3,3
347,2021-09-14,3.7,0,17,3,209,222,2,1
348,2010-07-16,3.4,0,15,1,819,13,3,2
349,2019-12-24,4,0,17,1,76,8,1,2
350,1991-04-29,3.9,0,18,2,750,82,4,4
351,1995-04-05,4,1,15,2,224,142,6,8
352,2020-10-23,3.2,1,12,3,595,49,6,7
353,2019-12-09,4,1,17,2,428,44,4,3
354,2008-04-07,3.3,1,13,2,862,93,5,9
355,2009-12-14,3.3,1,17,2,552,94,3,1
356,2012-07-19,4,1,8,1,568,236,5,4
357,1990-03-14,3.7,0,12,1,653,44,1,3
358,2018-11-16,3.8,1,11,2,898,95,4,7
359,2005-10-24,3,0,20,2,815,169,2,8
360,1993-12-28,3.4,1,14,3,944,146,6,2
361,2022-05-25,3.8,1,20,3,962,108,6,2
362,1988-01-24,3.1,0,13,1,432,152,3,1
363,2007-04-25,3.6,1,19,3,494,172,1,7
364,1993-08-10,4,0,8,1,578,95,2,1
365,1995-08-30,3.6,0,13,1,682,54,4,6
366,2014-05-22,3.4,1,10,3,817,197,4,2
367,1986-08-14,3.6,0,13,1,596,140,5,5
368,1992-01-24,3.9,1,20,1,111,227,3,7
369,1999-03-26,3.5,0,17,2,836,210,2,1
370,2011-06-20,3.4,0,19,2,932,2,4,5
371,2003-04-12,3.1,0,13,1,63,111,6,2
372,2004-08-05,3.7,0,20,1,826,155,6,1
373,2018-09-29,3.9,1,18,2,438,51,3,1
374,2009-01-08,3.5,1,20,2,994,28,5,2
375,2022-01-09,3.5,0,18,3,770,12,5,5
376,1995-04-04,3.8,1,16,1,823,125,1,3
377,1985-08-24,3.3,0,16,1,783,214,3,5
378,2010-11-25,3.6,1,12,2,824,237,1,3
379,2008-08-04,3.5,0,19,3,835,137,1,3
380,1989-08-18,3.9,1,20,3,264,115,1,3
381,1987-01-07,3.8,0,9,3,814,118,5,5
382,2015-04-27,3.5,1,12,2,679,183,3,1
383,1995-10-25,3.4,0,10,1,123,8,4,7
384,2009-09-22,3.9,1,13,1,53,242,1,5
385,1988-09-20,3.6,1,13,2,241,202,6,4
386,1992-07-01,3.4,0,9,3,889,135,1,9
387,1987-02-06,3.2,1,12,1,379,79,6,8
388,2012-07-17,3.3,0,12,2,252,247,2,5
389,1999-11-18,3.8,1,12,2,738,79,6,8
390,1994-03-18,3.7,1,18,1,876,31,6,3
391,2002-02-15,3.5,1,19,2,291,82,4,2
392,2022-06-29,3.2,0,9,2,120,130,6,5
393,1991-08-06,3.3,0,17,1,928,110,4,2
394,1995-02-11,3.6,0,10,3,694,53,4,9
395,1999-08-14,3.5,0,9,1,310,204,1,1
396,1993-02-06,3.4,0,10,2,527,92,2,9
397,1986-08-21,3.5,1,17,3,702,136,4,4
398,2023-12-19,4,0,8,2,785,54,4,7
399,1990-04-27,3.5,1,14,2,903,55,5,8
400,2012-02-27,3.2,0,20,2,819,242,6,4
401,1999-03-10,3.4,0,9,2,19,194,2,8
402,2017-10-03,3.5,1,10,3,581,57,4,2
403,1992-08-23,3.9,0,10,1,200,161,4,8
404,2008-10-12,3.3,0,20,3,263,126,4,7
405,2007-07-16,3.5,0,14,2,3,166,3,6
406,1997-11-05,3.5,0,20,2,956,120,2,8
407,1987-12-31,3.8,0,20,2,369,90,2,3
408,1995-07-10,3.8,1,18,3,213,162,4,7
409,1990-01-04,3.8,1,11,2,696,233,1,2
410,2007-04-11,3.9,1,10,1,747,98,6,4
411,2002-04-27,3.7,0,19,3,97,7,3,8
412,1988-12-09,3.3,1,19,3,672,191,4,4
413,2008-10-22,3.1,1,10,1,377,108,1,3
414,1995-06-18,4,0,10,1,958,218,3,5
415,2018-01-20,3.2,0,16,1,112,147,5,2
416,2016-03-31,3.4,0,17,3,718,15,2,9
417,1992-10-16,3.3,1,8,1,27,44,3,7
418,2001-01-22,3.8,1,13,2,417,206,6,9
419,1997-08-31,3.9,0,10,3,983,102,6,9
420,2004-09-29,3.8,0,11,2,299,197,6,7
421,2011-01-23,3.2,0,11,3,40,18,4,9
422,2023-01-09,3.2,1,12,1,162,144,4,1
423,2014-03-09,3.8,1,9,3,728,6,3,3
424,2003-05-31,3.6,1,18,1,582,198,4,8
425,2020-09-18,3.6,0,12,3,633,41,2,1
426,2016-02-11,3.4,0,19,2,224,66,2,5
427,2021-09-25,3.5,0,11,2,71,3,6,4
428,2006-07-16,3.2,1,8,3,163,48,5,2
429,1999-08-10,3.7,1,14,2,712,114,1,1
430,2016-07-17,3,0,20,1,631,153,1,4
431,1992-10-24,3.8,0,19,1,36,26,3,9
432,2019-03-03,3.9,0,9,1,308,204,5,7
433,2007-02-11,3.4,0,13,2,979,172,3,5
434,2014-07-26,3.6,1,10,2,796,38,2,9
435,2000-05-21,3.4,1,17,3,991,182,1,5
436,2016-12-04,3.1,1,11,3,750,225,2,4
437,2000-08-13,3.3,1,20,1,710,167,6,7
438,1988-08-17,3.3,0,18,2,339,19,3,5
439,1986-04-24,3.7,1,19,3,843,85,2,7
440,2013-02-08,3.3,0,8,3,565,1,3,6
441,2019-04-12,3.8,1,10,1,411,97,1,3
442,1999-11-09,3.3,0,14,3,340,236,1,8
443,2000-01-01,3.5,1,19,3,827,217,6,2
444,2015-03-10,3,1,20,1,633,170,5,3
445,1995-02-11,3.5,1,17,3,1000,233,3,8
446,2015-02-22,3.3,1,14,3,527,84,5,1
447,2007-09-05,3.3,1,11,3,222,77,6,8
448,1994-05-07,3.3,0,11,2,923,228,4,1
449,1997-04-26,3.1,1,18,1,100,122,2,8
450,2019-04-02,3.8,0,16,1,614,95,4,7
451,2012-01-05,3.6,1,14,3,98,172,1,4
452,1996-04-03,3.6,0,13,2,869,98,6,2
453,2021-05-12,3.3,0,10,3,203,174,1,8
454,2013-03-26,3.7,1,11,1,124,242,6,7
455,1995-05-14,3.7,1,10,1,915,44,6,1
456,1990-01-12,3.7,1,8,1,902,125,4,2
457,1995-06-24,3.6,1,15,2,728,212,4,8
458,1985-07-24,3.6,1,13,1,645,82,2,7
459,1995-09-15,3.1,0,18,2,742,200,5,9
460,2017-05-16,3.5,0,20,2,696,244,5,1
461,2014-04-20,3.6,0,18,2,101,218,2,7
462,1997-01-25,3.1,1,17,3,478,130,2,7
463,1985-08-17,3.8,1,11,3,307,30,5,8
464,1997-02-11,3.5,1,18,3,151,103,5,8
465,2012-06-24,3.3,1,17,2,498,69,4,8
466,1999-11-17,3.2,1,13,3,124,66,4,9
467,1991-06-21,3.6,1,12,3,845,133,3,8
468,1989-10-19,3.6,0,16,3,385,212,3,3
469,1987-07-04,3,0,9,1,447,152,4,1
470,2022-02-18,3.5,0,9,1,938,221,2,5
471,2004-06-01,3.7,0,12,1,715,66,5,7
472,1991-03-25,3.1,1,14,1,716,26,4,4
473,1992-01-12,3.8,1,8,1,308,218,4,9
474,2015-12-30,4,0,8,3,419,202,6,7
475,2021-09-30,3,1,11,3,662,81,5,8
476,2020-03-31,3.2,1,12,3,884,160,3,6
477,2011-08-27,3.1,1,10,1,75,53,5,3
478,2021-09-21,3.5,0,14,2,919,12,1,4
479,1991-09-08,3.3,0,15,2,920,64,2,7
480,1999-03-31,3.9,0,20,3,945,179,3,1
481,1998-09-22,3.2,0,10,1,738,12,4,3
482,1987-04-07,3.2,1,20,2,767,19,6,4
483,1990-05-31,3.9,1,17,1,46,60,2,3
484,1999-08-06,3.2,0,19,2,135,124,2,7
485,2018-01-11,3.9,0,14,1,482,99,1,1
486,1999-07-19,3.8,1,19,3,571,22,2,5
487,2008-11-24,3.4,0,13,1,385,62,6,7
488,2009-01-28,3.6,0,10,2,559,234,3,3
489,2012-05-18,3.3,0,18,3,185,113,3,2
490,2006-02-15,3.1,0,20,2,816,32,4,3
491,2021-02-22,3.7,0,18,3,684,153,3,9
492,1992-10-09,3.2,0,13,2,248,148,2,6
493,2021-03-11,3.5,0,8,2,228,98,3,1
494,2005-07-08,3.6,1,14,1,719,9,3,2
495,1987-05-18,3.7,0,11,1,754,247,1,8
496,2012-06-21,3.7,1,13,2,661,67,3,9
497,1998-04-20,3.6,0,13,3,57,162,2,6
498,2021-10-20,3.5,0,10,1,536,174,6,6
499,2015-11-19,4,1,19,2,355,6,1,4
500,1990-06-24,3.4,0,17,1,773,219,4,8
501,2016-07-30,3.5,0,10,1,837,247,1,8
502,2022-10-22,3.3,1,17,3,406,32,5,8
503,2015-10-13,3.9,0,19,3,53,213,2,7
504,2005-02-24,3.4,1,17,2,449,143,4,7
505,1996-04-19,3.2,1,10,3,618,179,4,1
506,2018-12-09,3.8,0,16,3,644,158,6,4
507,2022-12-23,3,0,19,3,847,42,3,8
508,1989-12-14,3.8,0,8,1,621,139,5,9
509,1988-04-07,4,1,15,2,913,164,1,1
510,1994-07-28,3.4,0,11,1,13,41,3,8
511,1993-02-10,3.8,0,9,3,486,86,1,8
512,2001-11-13,3.6,0,9,1,373,100,2,7
513,2003-11-04,3.8,1,15,3,18,157,5,5
514,1996-01-25,3.9,0,10,1,155,213,2,8
515,1999-04-11,3.4,0,13,3,715,219,6,8
516,1991-01-10,4,0,13,1,265,91,3,1
517,1987-06-07,3.4,0,12,3,250,82,3,3
518,2013-03-11,3.3,0,17,3,556,27,6,8
519,2006-06-29,3.8,0,14,2,92,46,2,4
520,2008-06-13,3.1,0,9,3,810,61,5,9
521,2002-03-28,3.8,0,20,1,976,181,1,4
522,2003-07-19,3.2,1,17,2,415,10,2,9
523,2018-12-17,3.8,0,11,3,997,106,6,3
524,2013-09-02,3.1,1,20,1,257,47,6,2
525,1991-04-28,3.8,1,20,2,918,146,5,4
526,2018-12-22,3.1,0,19,1,690,149,3,9
527,2008-04-30,3.6,1,11,2,61,49,6,2
528,2012-10-10,3.7,1,12,2,41,70,6,3
529,2002-11-11,3.7,1,15,3,573,207,1,9
530,2001-11-13,4,0,10,3,616,47,1,4
531,2019-08-23,3,1,8,2,141,146,1,2
532,2023-10-05,3.8,0,13,3,38,244,2,8
533,2023-08-24,3.8,1,20,2,114,228,6,7
534,1997-04-13,3.8,1,19,3,635,159,2,4
535,1995-09-25,3.6,1,13,2,468,8,4,2
536,1994-10-21,3,1,10,1,337,12,3,2
537,1992-02-29,3.4,0,20,2,874,232,3,8
538,2021-11-23,3.8,1,8,2,805,170,2,8
539,1989-08-19,3.3,1,10,1,200,232,6,3
540,1991-03-06,3.9,1,19,2,637,31,5,4
541,2019-02-04,3.9,0,11,1,391,135,6,7
542,2003-02-08,3.5,0,20,2,239,61,6,5
543,1995-06-18,3.6,1,15,3,268,188,3,2
544,1992-02-28,3.8,1,18,1,941,178,6,8
545,2005-01-04,4,1,12,2,294,14,1,6
546,1995-11-05,3.4,1,20,2,65,185,4,1
547,2015-05-16,3.6,1,15,3,637,156,2,7
548,2012-08-28,3.9,1,14,3,472,1,4,3
549,2008-12-07,3.1,0,15,3,443,6,6,9
550,1998-01-14,3.2,1,10,2,306,210,4,2
551,1988-10-11,4,0,8,3,290,201,2,7
552,2019-09-23,3,0,16,1,666,191,2,8
553,2017-12-06,3.8,0,16,1,997,186,2,9
554,2004-05-30,3.5,1,9,1,976,146,4,2
555,2008-09-19,3.4,0,15,3,404,122,2,6
556,1999-05-16,3.6,0,17,3,683,217,4,1
557,1994-05-24,3.1,1,9,2,515,97,6,5
558,2021-10-09,3.7,0,11,3,615,115,4,1
559,1995-04-22,3.7,1,19,2,462,74,2,6
560,2008-06-12,3,1,8,3,579,98,1,1
561,1993-05-18,3.7,0,8,2,498,185,2,8
562,1996-06-13,3,0,14,2,887,111,1,4
563,2016-07-29,3.3,1,17,1,9,125,2,5
564,2002-07-05,3.1,1,20,3,194,149,5,3
565,1999-08-14,3.9,1,18,1,596,28,3,1
566,2020-09-09,3.9,1,16,1,353,233,1,7
567,1993-11-27,4,1,8,2,629,209,3,8
568,2019-08-10,3.5,0,19,3,355,182,2,9
569,1997-05-01,3.4,0,10,3,830,69,4,3
570,2000-09-28,3.8,1,9,3,990,212,4,7
571,2001-11-09,3.4,1,11,1,664,111,2,5
572,2019-10-13,3.1,1,10,3,714,8,6,9
573,2012-12-02,3.4,1,14,2,730,46,6,5
574,1998-01-06,3.9,1,12,3,458,208,1,8
575,1997-06-02,3.6,1,10,2,744,46,5,8
576,2019-06-17,3.2,0,19,3,180,150,1,1
577,2015-08-19,3.2,0,10,3,426,215,4,9
578,2014-10-18,3.9,1,18,2,194,150,4,2
579,1986-09-11,3.5,0,16,1,956,52,2,4
580,2021-05-05,3.9,1,20,1,640,2,4,2
581,2005-12-05,3.5,1,11,1,973,241,1,1
582,1991-12-04,3.3,0,17,1,230,41,4,9
583,2017-01-20,3.5,1,19,1,537,202,6,3
584,1994-11-21,3.8,1,18,1,543,204,3,8
585,1991-03-06,3.7,1,16,3,375,196,4,3
586,2009-03-06,3.6,0,15,3,195,149,4,2
587,2017-03-26,3.4,1,10,2,35,187,5,9
588,1987-01-02,3.6,0,14,3,586,85,2,2
589,1999-09-16,3.3,0,9,2,539,129,2,7
590,1996-03-31,3.1,0,20,2,30,179,5,4
591,1995-01-25,3.1,0,10,2,522,84,2,2
592,2018-10-14,3.9,0,18,2,802,150,6,3
593,2008-01-09,3.4,1,20,2,421,26,6,7
594,2002-09-02,3.9,0,16,3,142,1,6,7
595,1989-10-29,3.7,1,8,2,118,140,3,6
596,1998-08-24,3.4,1,13,1,679,142,6,8
597,2014-09-15,4,1,14,2,20,76,1,5
598,2019-03-28,3.8,1,16,1,971,203,5,6
599,1990-05-28,3.4,1,20,2,568,10,6,8
600,2016-04-23,3.8,1,13,2,528,116,5,7
601,1995-09-18,3.8,0,15,3,411,25,3,3
602,2010-07-13,3.8,1,19,2,391,130,3,4
603,1992-11-16,3.8,1,14,3,982,201,1,2
604,1992-06-24,3,0,17,3,158,46,6,3
605,1999-01-16,3.4,1,16,2,555,76,4,3
606,1994-04-18,3.6,0,14,1,942,122,6,5
607,2006-08-04,3.1,0,18,3,646,189,1,5
608,1998-09-02,3.7,1,16,2,909,64,5,4
609,2012-10-09,3.4,0,20,2,282,98,4,2
610,2002-08-08,3.3,1,18,2,229,16,6,5
611,2012-08-25,3.6,0,9,2,703,196,3,3
612,1996-02-27,3.6,0,11,2,95,65,2,9
613,2002-05-09,3.2,1,14,3,573,116,4,3
614,2000-02-23,3.5,1,14,2,178,84,4,7
615,2001-02-15,3.7,0,9,1,276,74,2,2
616,1988-10-28,3.9,0,20,3,325,25,1,3
617,2005-06-24,4,1,17,1,920,121,6,6
618,2010-05-17,3.7,0,9,3,293,13,4,5
619,2018-06-02,3.6,1,16,3,39,47,1,8
620,1985-10-31,3.3,1,13,1,423,109,4,4
621,2013-11-12,3.8,1,11,2,258,200,4,3
622,1988-09-04,3.3,0,17,1,427,201,6,8
623,2013-08-14,3.5,1,8,3,183,123,2,2
624,2013-03-14,3.6,0,11,1,716,40,2,1
625,1986-09-12,3.9,0,19,1,481,242,5,2
626,2001-11-27,3.7,0,19,1,581,200,5,9
627,2013-08-15,3.2,0,8,1,722,114,1,2
628,1995-05-31,3.2,0,20,3,956,97,1,9
629,2004-05-26,4,1,16,2,687,4,2,8
630,1987-09-28,3.9,0,19,2,361,229,5,1
631,2016-10-03,3.3,1,18,1,148,153,1,7
632,2006-09-26,3.5,0,12,2,16,125,2,1
633,1999-06-02,3.5,0,20,3,197,132,6,3
634,2013-06-12,3.6,0,19,1,958,170,3,2
635,1997-12-30,3.9,1,18,1,313,38,3,8
636,2012-08-07,3.5,0,9,1,265,174,6,4
637,1989-08-23,3.5,0,15,2,1000,153,6,9
638,1993-01-29,3.7,1,17,3,667,91,4,8
639,2017-12-21,3.2,1,17,1,332,199,1,5
640,1996-10-03,3.8,1,20,2,676,25,2,8
641,1997-12-15,3.8,1,17,1,301,68,3,3
642,1994-12-30,3.1,0,18,2,691,63,2,1
643,1993-02-10,3.3,1,19,2,889,198,5,4
644,2005-07-21,3.2,0,13,3,372,117,2,3
645,2021-12-06,3.2,1,17,3,760,180,3,7
646,2023-05-19,3.8,1,18,3,495,156,6,7
647,1993-05-19,3.3,1,17,2,447,4,5,6
648,1998-12-28,3.9,0,13,2,978,228,5,3
649,2007-06-03,3.7,1,17,1,993,15,6,5
650,2006-10-23,3.8,0,19,3,200,61,3,2
651,2009-07-22,3.5,1,15,2,240,8,4,9
652,1999-12-21,3.1,0,12,3,331,164,5,9
653,1995-02-27,3.8,0,9,1,643,105,6,6
654,2013-12-06,4,0,11,3,936,71,1,3
655,2016-03-12,3.2,1,10,2,664,94,2,2
656,1998-03-15,3.2,1,11,3,494,76,5,1
657,2003-02-20,3.7,1,10,3,479,132,6,8
658,2008-01-25,3.6,1,14,3,222,163,5,8
659,2016-11-13,3.5,1,10,3,42,162,6,3
660,2013-08-03,3.1,1,15,1,493,77,2,8
661,2004-11-01,3.7,1,12,3,59,60,3,9
662,2002-12-19,3.3,1,12,2,972,244,2,5
663,2023-01-03,3,0,8,2,23,150,3,6
664,2000-01-03,3.7,0,15,3,850,13,6,1
665,2018-12-11,3.9,1,20,1,606,236,1,6
666,1999-09-26,3.5,0,14,2,264,34,2,7
667,2010-07-11,3.6,1,13,2,732,196,5,3
668,2001-09-09,3.5,0,11,3,916,40,5,6
669,1986-07-11,3.7,0,9,2,489,175,5,7
670,1985-04-13,3.2,1,13,3,589,163,3,4
671,1998-04-28,3.6,0,9,2,970,81,6,5
672,1989-09-06,3,1,18,3,21,121,4,7
673,1986-05-08,3.2,0,11,2,339,210,6,5
674,2003-12-16,3.3,1,14,3,277,180,4,3
675,1989-03-02,3.6,1,8,3,138,210,2,9
676,1999-07-13,3.4,1,12,1,594,124,4,6
677,1996-10-07,3.9,1,14,2,459,82,5,3
678,2016-04-28,3.8,0,11,2,705,181,4,8
679,2005-02-22,3.7,1,10,2,469,96,2,7
680,1998-05-16,3.4,0,10,3,983,219,4,2
681,2018-06-08,3.6,0,8,1,617,116,4,1
682,1989-04-08,3.5,0,17,1,389,48,5,4
683,2014-02-04,3.8,1,13,1,457,191,6,5
684,1994-03-17,3.3,0,9,1,124,83,5,8
685,2023-09-10,3.8,0,19,2,126,71,1,6
686,2008-06-01,3.9,1,19,3,868,200,1,3
687,1987-04-17,3.6,0,13,2,156,88,3,1
688,2005-04-30,4,1,20,1,359,210,4,8
689,2022-03-10,3,1,15,2,157,33,1,6
690,2023-10-18,4,1,15,3,758,229,5,6
691,1995-07-24,3.8,0,13,2,48,229,6,9
692,1988-12-18,3.8,0,9,1,386,88,3,7
693,2013-11-14,3.6,0,16,3,637,159,3,8
694,2021-03-17,4,0,9,2,605,93,5,1
695,2015-12-27,3.2,1,10,1,409,146,2,4
696,1988-01-14,3.7,1,10,3,723,22,3,2
697,1994-06-22,3.7,1,9,2,413,77,3,2
698,2011-10-14,3.8,0,10,2,320,197,3,1
699,1986-10-24,3.3,0,13,1,501,177,5,6
700,2018-03-05,3.2,1,15,1,276,124,2,9
701,2012-06-18,3.7,0,17,2,868,162,4,7
702,2021-05-11,3.4,1,15,3,606,27,2,8
703,2004-10-29,3.2,1,8,3,45,183,1,3
704,1988-12-05,3.4,0,13,3,221,27,1,2
705,1985-05-04,3.3,1,10,1,41,25,4,6
706,2014-04-11,3.8,1,13,2,165,210,5,9
707,1986-04-24,3.8,0,19,3,462,141,3,2
708,1990-12-02,3.5,0,20,3,71,49,1,5
709,2023-01-07,3.7,1,10,2,28,157,6,5
710,1993-03-16,3.2,1,11,2,971,156,2,9
711,2003-10-24,3.1,1,13,1,682,88,1,1
712,2009-08-02,3.3,0,8,3,717,248,4,3
713,2007-08-29,3.5,0,17,3,654,175,4,6
714,2021-01-05,3.9,1,14,1,50,70,6,4
715,2008-09-28,3.5,1,10,1,33,244,3,5
716,1988-05-01,3.5,1,9,2,145,91,3,1
717,2014-07-10,3,0,19,1,134,109,5,5
718,2011-07-18,3.2,0,8,3,586,236,2,2
719,1996-03-30,3.3,0,19,1,645,248,6,6
720,2003-07-16,3.1,0,17,3,963,73,6,1
721,2009-05-14,3.3,0,20,2,958,73,3,4
722,2020-12-24,3.2,1,16,2,608,133,2,5
723,2011-12-02,3.4,0,17,2,226,234,4,4
724,2022-09-19,3.3,0,12,3,680,217,2,8
725,1991-05-09,3.1,1,11,1,449,221,2,8
726,2021-02-14,3.4,1,13,2,706,249,3,9
727,1995-01-25,3,1,8,1,524,20,1,4
728,2002-07-15,3.8,0,14,2,90,226,4,7
729,2017-10-12,3.7,1,14,1,458,20,6,8
730,2010-11-20,3.2,0,19,2,616,145,3,8
731,1986-05-14,3.2,0,8,2,172,13,3,7
732,2014-02-24,3.3,0,13,3,821,124,1,1
733,2004-05-22,3.8,0,14,1,37,219,6,6
734,2002-08-15,3.3,0,12,1,986,65,5,3
735,1986-05-29,3.6,1,8,2,93,241,6,6
736,1999-11-17,3.9,1,19,1,267,171,2,7
737,2010-02-17,3.4,1,11,2,738,221,1,3
738,2009-11-27,3.7,1,12,2,808,36,1,3
739,2012-01-06,3.3,0,12,3,421,184,4,3
740,1999-04-15,3.7,0,20,1,10,59,3,9
741,2015-03-13,3.5,0,18,3,949,25,4,2
742,2019-11-19,3.3,0,10,3,285,163,6,7
743,2019-05-31,3.4,1,20,1,437,209,1,9
744,2018-12-10,3.3,1,18,1,170,25,2,9
745,2020-03-12,3.4,0,20,3,327,199,5,6
746,2013-06-30,3.1,0,15,2,582,128,5,4
747,1999-05-09,4,0,20,2,748,230,5,2
748,2004-10-05,3.7,1,10,2,654,66,6,1
749,2000-11-09,3.9,1,10,2,966,87,1,6
750,2013-08-03,3.6,1,9,2,123,196,2,9
751,2023-09-15,3,1,17,1,986,124,6,1
752,1999-04-07,3.6,0,12,2,800,93,2,7
753,1993-05-30,3.6,0,18,2,345,70,6,2
754,1989-01-12,3.2,0,19,3,471,235,1,2
755,2019-08-24,3.5,1,12,2,857,122,5,1
756,2006-06-01,3.9,0,8,2,887,206,1,9
757,2019-09-22,3.6,0,17,1,846,131,6,3
758,2015-12-30,3.2,0,13,3,607,43,1,8
759,1995-04-25,3.3,0,19,2,643,67,4,9
760,1995-06-09,3.1,0,8,1,219,152,4,4
761,2004-08-23,3.8,1,16,3,179,62,1,6
762,2015-09-28,3.2,0,19,2,155,80,4,3
763,2012-06-30,3.7,1,19,2,91,14,5,5
764,1988-12-22,3.1,0,20,2,943,125,5,7
765,2002-12-15,3.5,1,12,3,700,182,3,5
766,2019-03-01,3.9,0,8,1,376,6,1,9
767,2011-10-17,3.1,0,14,1,626,154,6,1
768,2020-03-31,3.5,0,16,1,903,49,5,7
769,2019-10-02,3.9,0,14,1,260,9,5,6
770,2007-03-22,3.5,1,9,2,962,181,5,1
771,1995-09-14,3.3,0,12,2,705,148,3,8
772,2000-04-14,3.1,1,18,3,840,100,2,9
773,2008-06-09,3.5,1,18,3,894,155,2,9
774,2006-12-15,3.8,0,17,3,493,177,4,4
775,2005-07-08,3.3,0,15,3,560,37,3,5
776,2017-09-15,3.5,1,10,3,603,105,1,5
777,2023-03-10,3.9,0,16,3,618,75,1,9
778,2007-12-08,3.7,1,15,1,499,71,6,1
779,2009-08-19,3.3,1,19,1,670,190,4,8
780,1985-02-18,3.1,1,11,3,644,218,2,2
781,1994-08-01,3.4,0,10,1,351,20,2,8
782,2002-04-13,3.7,1,11,1,685,104,3,4
783,2020-08-24,3.3,0,20,3,726,179,1,2
784,2005-07-23,3.7,1,18,2,358,85,5,3
785,2005-09-07,3.3,0,9,1,724,59,1,9
786,2016-05-09,3.8,0,12,3,24,103,3,1
787,2012-10-05,3.8,1,20,1,460,4,4,1
788,2015-07-04,3.3,0,9,2,268,137,1,9
789,1989-11-06,3.1,0,18,1,178,82,4,7
790,2010-02-08,3.4,1,17,2,544,212,6,2
791,1987-03-12,3.3,1,16,2,835,225,1,7
792,2010-04-26,3.6,0,17,3,494,152,5,2
793,2000-11-04,3.1,1,14,3,165,225,3,6
794,2001-03-15,3.9,0,14,3,935,134,6,4
795,1996-02-29,3.2,0,8,3,349,122,6,9
796,2004-02-15,3.9,0,16,2,797,245,4,7
797,2021-08-27,3.8,0,15,2,385,205,1,3
798,1989-04-03,3.9,0,15,3,469,115,3,5
799,2001-06-11,3.3,0,9,2,64,205,2,5
800,2015-12-15,3.6,1,12,2,964,247,6,1
801,2002-01-17,3.1,0,18,3,931,192,2,5
802,1994-11-30,3.8,1,12,3,967,161,4,6
803,2022-05-06,4,0,19,3,590,188,3,9
804,2000-07-08,3.1,1,8,3,809,176,4,3
805,1991-12-19,3.9,0,13,2,811,197,2,3
806,1992-01-13,3.8,1,8,3,659,103,2,8
807,2003-02-20,3.5,0,15,3,490,28,4,5
808,2000-05-30,3.6,0,18,1,11,68,1,3
809,2009-03-25,3.4,1,19,1,808,93,1,7
810,2012-08-22,3.5,1,18,3,639,11,6,8
811,2015-04-03,3.8,0,19,1,878,21,2,8
812,1999-02-21,3.4,0,16,3,881,116,2,8
813,1994-09-07,3.1,1,14,1,908,89,1,8
814,2010-04-27,3.4,1,13,2,902,166,3,5
815,1987-05-23,3.3,0,8,2,446,48,3,3
816,1994-08-17,3.7,0,11,2,438,87,6,6
817,2007-03-27,3.6,0,18,2,306,119,1,7
818,2010-01-28,3.6,0,10,3,717,36,4,4
819,2011-12-09,4,0,17,2,687,75,5,9
820,2007-07-17,4,1,12,3,585,193,4,3
821,1986-11-25,3.4,1,11,3,8,152,4,8
822,2019-03-21,3.3,1,18,2,414,133,1,6
823,2001-11-18,3.5,0,18,3,410,176,6,8
824,1993-12-01,3.9,1,20,2,628,216,3,4
825,2020-03-17,3.3,0,17,3,591,1,4,3
826,1992-04-28,3.7,0,17,2,380,209,2,4
827,1986-08-07,3.6,0,8,2,17,242,2,8
828,2006-06-15,4,0,9,2,629,39,6,2
829,2005-09-21,3.3,1,12,1,55,54,3,8
830,2018-07-09,3.2,1,12,3,960,150,6,3
831,2007-02-18,3.7,0,11,2,358,159,6,9
832,1991-07-25,3.5,0,18,2,31,227,4,6
833,1995-11-01,3.2,1,13,1,739,172,6,6
834,2007-06-30,3.3,0,19,3,841,125,4,7
835,2001-12-25,3.4,0,14,2,911,67,3,7
836,2000-02-10,3.2,1,14,1,256,157,1,2
837,2004-06-24,3.9,0,16,1,250,79,5,3
838,2017-11-24,3.8,0,17,3,766,202,5,1
839,2003-12-07,3.6,1,14,1,175,154,5,9
840,1989-01-16,3.1,1,20,3,672,26,1,9
841,2018-07-19,3.2,1,13,2,38,245,6,7
842,1994-05-06,3.5,0,8,1,205,154,2,8
843,2019-01-17,3.1,0,16,3,975,200,4,2
844,1993-12-26,3.2,1,10,3,289,69,3,1
845,2013-12-24,3.4,1,20,2,762,217,6,3
846,2020-06-28,3.6,1,8,1,462,106,5,5
847,2018-12-08,3,1,19,3,147,219,3,9
848,2022-04-18,3.8,1,10,2,78,164,3,1
849,1994-09-16,3.4,0,11,3,614,42,1,7
850,2021-03-23,3.6,0,10,1,598,40,4,4
851,1988-10-20,3.6,0,19,3,922,45,1,1
852,2012-07-22,3.3,0,15,1,472,118,5,4
853,1987-01-08,3.6,0,13,1,917,249,3,7
854,2000-05-10,3.7,0,15,3,16,4,1,2
855,1986-06-15,3.7,0,15,3,895,118,5,4
856,2016-10-28,3.4,1,13,3,321,57,5,1
857,1997-04-03,3.2,0,9,1,950,208,6,7
858,1995-04-10,3.9,1,13,3,641,175,1,3
859,2000-09-01,3.3,1,10,1,640,14,6,3
860,2012-02-12,3.4,1,19,3,850,44,3,6
861,2014-01-16,3.5,0,18,2,964,9,5,7
862,1993-06-27,3,0,20,2,145,35,6,8
863,2018-12-10,3.5,0,8,1,498,195,4,7
864,2013-11-24,3.5,1,10,1,914,222,6,6
865,2003-12-23,3.5,1,19,1,433,22,2,2
866,2003-01-17,3.8,0,18,2,911,215,1,6
867,2004-07-03,3.1,0,13,2,865,230,5,6
868,2022-03-11,3.2,0,13,2,735,155,6,6
869,2004-08-01,3.9,0,8,2,995,24,2,6
870,2022-09-10,3,1,16,1,126,157,6,9
871,2022-09-22,3.3,1,14,1,978,211,4,2
872,1996-04-27,3.7,1,11,2,603,37,5,8
873,2005-11-11,3.8,0,18,3,245,66,1,1
874,2016-02-27,3,0,8,3,713,235,1,8
875,2004-07-15,3.7,1,12,1,558,217,1,7
876,2019-06-27,3.9,1,14,1,331,22,2,3
877,2000-01-01,3,0,11,2,895,235,2,9
878,2007-10-06,3.2,0,9,2,237,229,6,6
879,2004-06-21,3.3,0,9,3,624,182,1,6
880,2005-12-04,3.6,1,19,2,345,96,5,2
881,2018-12-16,3.9,0,12,2,820,33,6,1
882,2001-08-24,3.3,1,20,2,901,134,1,6
883,2020-02-07,3.7,0,18,2,670,155,2,7
884,2015-10-17,3.7,0,8,1,945,236,4,4
885,1987-01-18,3.4,1,9,2,434,239,3,9
886,1999-03-08,3.2,1,16,1,255,12,5,7
887,2003-02-12,3.5,0,18,2,289,246,5,1
888,2003-08-23,3.4,1,9,2,69,91,4,9
889,2015-10-04,3,0,12,3,778,149,2,7
890,2004-04-24,3.7,1,9,1,237,207,4,8
891,1993-05-14,3.4,1,16,3,897,38,2,9
892,2016-08-22,3.7,0,15,3,944,225,3,5
893,2015-12-31,3.4,0,18,2,505,144,2,6
894,2001-02-05,3.3,0,9,1,71,9,3,4
895,2007-04-18,3.3,1,13,3,815,216,2,3
896,2014-11-24,3.8,1,9,3,167,110,3,1
897,1998-02-14,3.8,1,10,3,505,120,5,4
898,2001-01-21,3.1,0,15,2,391,46,3,9
899,2012-10-31,3.6,0,12,2,992,210,2,1
900,2010-10-16,3.1,0,11,1,660,207,2,2
901,2001-09-17,3.8,0,17,3,722,54,6,3
902,1985-11-23,3.1,1,8,3,534,13,1,2
903,2009-01-04,3.4,0,20,1,539,2,3,6
904,2021-12-10,3.4,0,16,2,114,117,5,1
905,1995-05-04,3.1,0,16,2,453,153,1,8
906,1985-07-25,4,0,13,2,565,123,5,7
907,2019-10-03,3,0,11,2,600,52,2,9
908,1987-02-04,3.6,1,17,2,93,107,6,2
909,2003-01-09,3.8,1,20,3,885,71,4,3
910,1999-02-10,3.7,1,12,2,6,240,6,2
911,2013-12-03,3.5,0,10,3,314,43,2,6
912,2015-08-10,3.4,0,13,1,99,77,5,4
913,1996-04-20,3.6,1,18,2,133,22,5,3
914,2010-01-06,3.3,0,18,3,413,111,3,4
915,1994-11-29,3.1,0,16,1,211,100,5,9
916,2021-12-10,3.5,1,11,1,97,194,3,9
917,2018-01-12,3.4,1,17,2,517,52,3,5
918,2003-03-05,3.6,1,19,3,598,10,2,2
919,1991-10-24,3.1,0,20,1,916,100,6,6
920,1998-09-10,3.6,1,11,1,314,50,6,1
921,1996-02-07,3.8,1,10,3,22,145,5,3
922,1993-08-25,3.2,1,12,3,861,127,2,2
923,2023-10-03,3.9,0,12,1,822,94,4,9
924,2001-12-02,3.6,1,13,1,139,188,6,7
925,1986-04-08,3.2,0,16,3,364,102,4,6
926,2017-01-04,3.5,1,8,3,517,172,4,2
927,2020-05-26,3.3,1,16,2,511,140,6,1
928,1999-07-19,3.7,1,10,3,678,10,1,6
929,1988-11-16,3.5,0,19,3,432,70,6,6
930,1993-02-21,3.3,0,18,3,241,22,2,4
931,1991-06-17,3.2,0,20,3,639,222,6,9
932,2018-08-17,3.5,0,20,3,260,228,5,4
933,1997-08-22,3,0,19,2,494,125,5,9
934,2019-08-03,3.4,1,16,1,709,28,5,4
935,1993-02-11,3.9,1,10,3,37,234,5,5
936,1991-10-01,3.3,1,12,1,828,181,2,2
937,2004-01-27,3.2,1,9,1,470,247,6,3
938,2008-09-23,3,1,13,1,269,28,2,1
939,2021-08-19,3,0,13,3,759,193,6,9
940,2022-12-10,4,0,14,1,632,64,2,5
941,1996-10-31,4,0,20,3,385,239,4,2
942,2012-11-20,3.5,1,14,1,227,67,4,6
943,2011-01-31,3.3,1,11,3,618,233,3,3
944,2013-03-16,3.9,1,13,1,836,106,1,5
945,1989-11-25,3.5,1,8,2,739,53,3,9
946,2008-04-28,3.4,1,18,1,463,81,3,6
947,2000-06-18,3.3,0,11,1,843,10,4,9
948,2022-10-08,3.6,0,19,2,879,191,3,9
949,2017-10-26,3.7,0,15,3,89,52,4,5
950,2002-09-22,3.6,0,16,2,399,117,3,7
951,2023-11-04,3,0,16,2,264,70,5,4
952,2002-10-31,3.6,0,16,2,445,172,3,3
953,2020-01-31,3.8,0,17,3,486,29,6,5
954,2020-03-05,3.9,0,19,3,903,149,4,9
955,2007-04-01,3.3,1,15,3,406,105,3,5
956,1993-03-15,3.2,1,20,3,924,185,1,8
957,2017-06-29,3.3,1,19,3,57,220,4,3
958,1994-12-21,3.5,1,15,1,38,65,5,2
959,2002-04-02,3.2,1,16,2,699,17,1,2
960,2015-12-03,3.5,1,20,1,718,183,5,5
961,2000-12-10,3.6,0,10,3,724,156,4,8
962,1989-06-23,3.3,1,9,3,924,216,3,3
963,1985-01-08,3.6,0,9,3,800,232,2,8
964,1999-08-03,3.9,1,14,3,879,131,5,4
965,2020-10-28,3,0,12,3,388,180,2,2
966,2012-04-03,3.6,1,10,2,801,156,1,4
967,2016-06-24,3.9,1,11,2,966,214,4,9
968,2017-01-05,3.4,1,16,3,217,189,5,5
969,2015-06-30,3.5,0,13,3,836,180,2,2
970,2021-08-23,3.8,1,20,1,23,157,3,7
971,2006-03-07,3.3,0,20,2,347,5,6,1
972,2022-02-11,3.8,1,11,1,952,181,5,6
973,2014-11-28,3,0,16,3,75,132,4,6
974,2018-03-21,3.8,0,18,1,572,125,1,1
975,2011-07-24,3.1,0,13,3,169,2,3,9
976,1994-05-19,3.7,1,13,2,174,200,5,8
977,2018-07-27,3.6,1,8,1,659,236,2,2
978,1997-02-04,3.1,1,20,1,877,122,3,7
979,2008-07-21,3.5,1,10,3,39,175,5,7
980,1986-12-26,3.6,1,17,2,45,156,4,1
981,1989-02-22,3.7,0,11,1,237,229,2,6
982,2002-07-03,3.2,1,8,1,932,124,6,7
983,1995-06-07,3.9,0,18,2,406,204,5,1
984,1996-12-23,4,0,10,1,250,37,5,4
985,2007-08-11,3.7,0,11,1,438,76,3,2
986,2019-02-05,4,0,17,2,341,8,2,8
987,1989-03-30,3.8,1,8,1,670,106,3,5
988,1995-12-13,4,0,16,1,413,222,5,7
989,1993-05-07,3.6,0,11,2,816,125,4,7
990,2000-03-13,3.4,0,8,1,272,95,5,8
991,2008-07-09,3.6,1,19,2,446,39,1,9
992,1989-11-01,3.5,1,16,1,376,140,1,1
993,1990-03-13,3.8,0,19,2,635,223,4,6
994,1997-12-18,3.2,0,20,2,709,185,2,7
995,2006-04-07,3.4,0,13,2,655,144,6,1
996,1987-02-13,3.4,1,16,1,772,24,4,3
997,2020-10-21,3,0,15,1,482,41,3,2
998,2014-11-26,3.1,0,10,3,944,64,3,8
999,2022-06-04,3.3,0,19,2,945,104,3,6
1000,2019-12-06,3.4,0,10,1,907,99,1,2
